1343208000,75.380005 ,61.879997 ,50.0      ,67.0       ,0.0       ,          ,0.0       ,           ,0.0       ,0.0       ,61.879997 ,61.879997 
1343208300,75.380005 ,61.879997 ,50.0      ,67.0       ,0.0       ,          ,0.0       ,           ,0.0       ,0.0       ,61.879997 ,61.879997 
1343208600,75.380005 ,61.700005 ,49.599998 ,67.0       ,0.0       ,          ,0.0       ,           ,0.0       ,0.0       ,61.700005 ,61.700005 
1343208900,75.344009 ,61.700005 ,50.0      ,67.0       ,0.0       ,          ,0.0       ,           ,0.0       ,0.0       ,61.700005 ,61.700005 
1343209200,75.236008 ,61.700005 ,50.0      ,67.0       ,0.0       ,          ,0.0       ,           ,0.0       ,0.0       ,61.700005 ,61.700005 
1343209500,75.200005 ,61.556    ,50.0      ,67.0       ,0.0       ,          ,0.0       ,           ,0.0       ,0.0       ,61.556    ,61.556    
1343209800,75.200005 ,61.519997 ,49.400002 ,67.0       ,0.0       ,          ,0.0       ,           ,0.0       ,0.0       ,61.519997 ,61.519997 
1343210100,75.200005 ,61.519997 ,49.200001 ,67.0       ,0.0       ,          ,0.0       ,           ,0.0       ,0.0       ,61.519997 ,61.519997 
1343210400,75.200005 ,61.519997 ,49.0      ,67.0       ,0.0       ,          ,0.0       ,           ,0.0       ,0.0       ,61.519997 ,61.519997 
1343210700,75.200005 ,61.519997 ,49.0      ,67.0       ,0.0       ,          ,0.0       ,           ,0.0       ,0.0       ,61.519997 ,61.519997 
1343211000,75.200005 ,61.519997 ,49.0      ,67.0       ,0.0       ,          ,0.0       ,           ,0.0       ,0.0       ,61.519997 ,61.519997 
1343211300,75.272011 ,61.610004 ,49.0      ,67.0       ,0.0       ,          ,0.0       ,           ,0.0       ,0.0       ,61.610004 ,61.610004 
1343211600,75.200005 ,61.700005 ,49.0      ,67.0       ,0.0       ,          ,0.0       ,           ,0.0       ,0.0       ,61.700005 ,61.700005 
1343211900,75.200005 ,61.700005 ,49.0      ,67.0       ,0.0       ,          ,0.0       ,           ,0.0       ,0.0       ,61.700005 ,61.700005 
1343212200,75.200005 ,61.700005 ,49.0      ,68.0       ,0.0       ,          ,0.0       ,           ,0.0       ,0.0       ,61.700005 ,61.700005 
1343212500,75.200005 ,61.700005 ,49.0      ,68.0       ,0.0       ,          ,0.0       ,           ,0.0       ,0.0       ,61.700005 ,61.700005 
1343212800,75.200005 ,61.862    ,49.0      ,68.0       ,0.0       ,          ,0.0       ,           ,0.0       ,0.0       ,61.862    ,61.862    
1343213100,75.200005 ,61.879997 ,49.0      ,68.0       ,0.0       ,          ,0.0       ,           ,0.0       ,0.0       ,61.879997 ,61.879997 
1343213400,75.200005 ,62.006001 ,49.0      ,68.0       ,0.0       ,          ,0.0       ,           ,0.0       ,0.0       ,62.006001 ,62.006001 
1343213700,75.200005 ,62.114002 ,49.0      ,68.0       ,0.0       ,          ,0.0       ,           ,0.0       ,0.0       ,62.114002 ,62.114002 
1343214000,75.200005 ,62.239998 ,49.0      ,68.0       ,0.0       ,          ,0.0       ,           ,0.0       ,0.0       ,62.239998 ,62.239998 
1343214300,75.200005 ,62.437988 ,49.0      ,67.800003  ,0.0       ,          ,0.0       ,           ,0.0       ,0.0       ,62.437988 ,62.437988 
1343214600,75.200005 ,62.618004 ,49.0      ,67.0       ,0.0       ,          ,0.0       ,           ,0.0       ,0.0       ,62.618004 ,62.618004 
1343214900,75.200005 ,62.852001 ,49.0      ,67.0       ,0.0       ,          ,0.0       ,           ,0.0       ,0.0       ,62.852001 ,62.852001 
1343215200,75.200005 ,63.032001 ,49.0      ,67.0       ,0.0       ,          ,0.0       ,           ,0.0       ,0.0       ,63.032001 ,63.032001 
1343215500,75.200005 ,63.266003 ,49.0      ,67.0       ,0.0       ,          ,0.0       ,           ,0.0       ,0.0       ,63.266003 ,63.266003 
1343215800,75.200005 ,63.5      ,49.700001 ,67.0       ,0.0       ,          ,0.0       ,           ,0.0       ,0.0       ,63.5      ,63.5      
1343216100,75.200005 ,63.769997 ,49.599998 ,67.0       ,0.0       ,          ,0.0       ,           ,0.0       ,0.0       ,63.769997 ,63.769997 
1343216400,75.200005 ,63.968006 ,50.0      ,67.0       ,0.0       ,          ,0.0       ,           ,0.0       ,0.0       ,63.968006 ,63.968006 
1343216700,75.200005 ,64.292007 ,49.799999 ,67.0       ,0.0       ,          ,0.0       ,           ,0.0       ,0.0       ,64.292007 ,64.292007 
1343217000,75.200005 ,64.598007 ,49.599998 ,67.0       ,0.0       ,          ,0.0       ,           ,0.0       ,0.0       ,64.598007 ,64.598007 
1343217300,75.200005 ,64.886002 ,49.200001 ,66.300003  ,0.0       ,          ,0.0       ,           ,0.0       ,0.0       ,64.886002 ,64.886002 
1343217600,75.272003 ,65.173996 ,49.0      ,66.0       ,0.0       ,          ,0.0       ,           ,0.0       ,0.0       ,65.173996 ,65.173996 
1343217900,75.380005 ,65.498009 ,49.599998 ,66.0       ,0.0       ,          ,0.0       ,           ,0.0       ,0.0       ,65.498009 ,65.498009 
1343218200,75.487999 ,65.821999 ,50.0      ,65.199997  ,0.0       ,          ,0.0       ,           ,0.0       ,0.0       ,65.821999 ,65.821999 
1343218500,75.559998 ,66.091995 ,50.0      ,65.0       ,0.0       ,          ,0.0       ,           ,0.0       ,0.0       ,66.091995 ,66.091995 
1343218800,75.559998 ,66.326004 ,50.0      ,64.300003  ,0.0       ,          ,0.0       ,           ,0.0       ,0.0       ,66.326004 ,66.326004 
1343219100,75.559998 ,66.685989 ,50.0      ,65.0       ,0.0       ,          ,0.0       ,           ,0.0       ,0.0       ,66.685989 ,66.685989 
1343219400,75.667992 ,66.973984 ,50.0      ,64.699997  ,0.0       ,          ,0.0       ,           ,0.0       ,0.0       ,66.973984 ,66.973984 
1343219700,75.739998 ,67.225998 ,50.0      ,64.0       ,0.0       ,          ,0.0       ,           ,0.0       ,0.0       ,67.225998 ,67.225998 
1343220000,75.739998 ,67.550003 ,50.0      ,64.0       ,0.2       ,18.0      ,1.0       ,23.0       ,0.0       ,0.0       ,67.550003 ,67.550003 
1343220300,75.739998 ,67.802002 ,50.0      ,64.300003  ,0.1       ,42.0      ,1.0       ,225.0      ,0.0       ,0.0       ,67.802002 ,67.802002 
1343220600,75.739998 ,68.125992 ,50.0      ,63.299999  ,0.0       ,          ,0.0       ,           ,0.0       ,0.0       ,68.125992 ,68.125992 
1343220900,75.739998 ,68.413986 ,50.0      ,63.0       ,0.4       ,216.0     ,1.0       ,225.0      ,0.0       ,0.0       ,68.413986 ,68.413986 
1343221200,75.739998 ,68.684006 ,50.0      ,63.0       ,0.0       ,          ,0.0       ,           ,0.0       ,0.0       ,68.684006 ,68.684006 
1343221500,75.739998 ,69.026009 ,50.0      ,62.799999  ,0.0       ,          ,0.0       ,           ,0.0       ,0.0       ,69.026009 ,69.026009 
1343221800,75.739998 ,69.296005 ,50.0      ,61.900002  ,0.2       ,241.0     ,1.0       ,225.0      ,0.0       ,0.0       ,69.296005 ,69.296005 
1343222100,75.919991 ,69.637993 ,50.0      ,60.900002  ,0.2       ,329.0     ,1.0       ,225.0      ,0.0       ,0.0       ,69.637993 ,69.637993 
1343222400,75.919991 ,69.926003 ,50.0      ,60.0       ,0.6       ,15.0      ,2.0       ,225.0      ,0.0       ,0.0       ,69.926003 ,69.926003 
1343222700,75.919991 ,70.393997 ,50.0      ,59.0       ,0.2       ,54.0      ,1.0       ,45.0       ,0.0       ,0.0       ,70.393997 ,70.393997 
1343223000,75.919991 ,70.720001 ,50.0      ,58.777779  ,0.333333  ,192.0     ,1.0       ,135.0      ,0.0       ,0.0       ,70.720001 ,70.720001 
1343223300,75.919991 ,71.077995 ,50.0      ,57.700001  ,0.3       ,25.0      ,1.0       ,23.0       ,0.0       ,0.0       ,71.077995 ,71.077995 
1343223600,76.099991 ,71.329994 ,49.400002 ,57.5       ,0.5       ,246.0     ,2.0       ,45.0       ,0.0       ,0.0       ,71.329994 ,71.329994 
1343223900,76.099991 ,71.581993 ,49.0      ,56.900002  ,0.6       ,54.0      ,3.0       ,225.0      ,0.0       ,0.0       ,71.581993 ,71.581993 
1343224200,76.099991 ,71.780006 ,49.0      ,56.0       ,0.6       ,239.0     ,3.0       ,225.0      ,0.0       ,0.0       ,71.780006 ,71.780006 
1343224500,76.099991 ,71.960007 ,49.0      ,56.0       ,1.2       ,229.0     ,2.0       ,203.0      ,0.0       ,0.0       ,71.960007 ,71.960007 
1343224800,76.243996 ,72.086006 ,49.0      ,55.299999  ,0.5       ,133.0     ,2.0       ,270.0      ,0.0       ,0.0       ,72.086006 ,72.086006 
1343225100,76.244003 ,72.482002 ,49.0      ,55.099998  ,0.4       ,234.0     ,1.0       ,90.0       ,0.0       ,0.0       ,72.482002 ,72.482002 
1343225400,76.280006 ,72.805992 ,49.0      ,54.5       ,0.5       ,246.0     ,2.0       ,90.0       ,0.0       ,0.0       ,72.805992 ,72.805992 
1343225700,76.280006 ,73.057999 ,49.0      ,54.0       ,0.7       ,33.0      ,2.0       ,0.0        ,0.0       ,0.0       ,73.057999 ,73.057999 
1343226000,76.280006 ,73.346008 ,49.0      ,54.0       ,1.0       ,234.0     ,2.0       ,225.0      ,0.0       ,0.0       ,73.346008 ,73.346008 
1343226300,76.280006 ,73.63401  ,49.0      ,53.0       ,0.4       ,207.0     ,1.0       ,180.0      ,0.0       ,0.0       ,73.63401  ,73.63401  
1343226600,76.280006 ,73.958    ,48.0      ,52.099998  ,0.8       ,54.0      ,1.0       ,203.0      ,0.0       ,0.0       ,73.958    ,73.958    
1343226900,76.280006 ,74.317993 ,48.0      ,52.700001  ,0.5       ,33.0      ,1.0       ,225.0      ,0.0       ,0.0       ,74.317993 ,74.317993 
1343227200,76.280006 ,74.479996 ,48.0      ,51.5       ,1.0       ,114.0     ,3.0       ,45.0       ,0.0       ,0.0       ,74.479996 ,74.479996 
1343227500,76.280006 ,74.606003 ,48.0      ,51.0       ,0.8       ,344.0     ,2.0       ,0.0        ,0.0       ,0.0       ,74.606003 ,74.606003 
1343227800,76.280006 ,74.894005 ,48.0      ,50.400002  ,1.1       ,156.0     ,2.0       ,203.0      ,0.0       ,0.0       ,74.894005 ,74.894005 
1343228100,76.280006 ,75.128006 ,48.0      ,49.099998  ,0.5       ,190.0     ,1.0       ,315.0      ,0.0       ,0.0       ,75.128006 ,77.680641 
1343228400,76.280006 ,75.344002 ,48.0      ,48.200001  ,0.2       ,237.0     ,1.0       ,23.0       ,0.0       ,0.0       ,75.344002 ,77.763046 
1343228700,76.280006 ,75.649994 ,48.0      ,49.099998  ,1.1       ,39.0      ,3.0       ,248.0      ,0.0       ,0.0       ,75.649994 ,77.895569 
1343229000,76.280006 ,75.883987 ,48.0      ,48.799999  ,1.0       ,54.0      ,2.0       ,45.0       ,0.0       ,0.0       ,75.883987 ,77.997314 
1343229300,76.280006 ,76.04599  ,48.0      ,49.0       ,0.6       ,234.0     ,2.0       ,113.0      ,0.0       ,0.0       ,76.04599  ,78.075043 
1343229600,76.280006 ,76.225998 ,48.0      ,48.0       ,1.8       ,23.0      ,3.0       ,0.0        ,0.0       ,0.0       ,76.225998 ,78.144524 
1343229900,76.280006 ,76.460007 ,48.0      ,47.700001  ,1.2       ,37.0      ,3.0       ,0.0        ,0.0       ,0.0       ,76.460007 ,78.251625 
1343230200,76.279999 ,76.560005 ,48.0      ,47.333332  ,1.111111  ,31.0      ,2.0       ,23.0       ,0.0       ,0.0       ,76.560005 ,78.292191 
1343230500,76.280006 ,76.730003 ,48.0      ,47.0       ,0.8       ,259.0     ,2.0       ,225.0      ,0.0       ,0.0       ,76.730003 ,78.368515 
1343230800,76.280006 ,76.837997 ,48.0      ,47.0       ,1.6       ,262.0     ,2.0       ,180.0      ,0.0       ,0.0       ,76.837997 ,78.423889 
1343231100,76.280006 ,77.071999 ,48.0      ,46.200001  ,0.8       ,253.0     ,1.0       ,225.0      ,0.0       ,0.0       ,77.071999 ,78.519592 
1343231400,76.280006 ,77.18     ,48.0      ,45.700001  ,1.4       ,322.0     ,2.0       ,270.0      ,0.0       ,0.0       ,77.18     ,78.558151 
1343231700,76.280006 ,77.413986 ,48.0      ,46.0       ,0.7       ,93.0      ,2.0       ,113.0      ,0.0       ,0.0       ,77.413986 ,78.697021 
1343232000,76.279999 ,77.639999 ,48.0      ,46.0       ,1.111111  ,294.0     ,2.0       ,0.0        ,0.0       ,0.0       ,77.639999 ,78.824883 
1343232300,76.280006 ,77.864006 ,48.0      ,45.900002  ,1.0       ,12.0      ,2.0       ,45.0       ,0.0       ,0.0       ,77.864006 ,78.951294 
1343232600,76.280006 ,77.972    ,48.0      ,44.700001  ,0.8       ,216.0     ,2.0       ,225.0      ,0.0       ,0.0       ,77.972    ,78.95488  
1343232900,76.460007 ,78.206009 ,47.0      ,45.0       ,0.7       ,30.0      ,2.0       ,0.0        ,0.0       ,0.0       ,78.206009 ,79.110756 
1343233200,76.460007 ,78.314003 ,47.0      ,44.599998  ,1.2       ,30.0      ,2.0       ,0.0        ,0.0       ,0.0       ,78.314003 ,79.154503 
1343233500,76.460007 ,78.547997 ,47.0      ,44.0       ,1.0       ,96.0      ,3.0       ,225.0      ,0.0       ,0.0       ,78.547997 ,79.264084 
1343233800,76.460007 ,78.655991 ,47.0      ,44.0       ,1.1       ,22.0      ,2.0       ,225.0      ,0.0       ,0.0       ,78.655991 ,79.332054 
1343234100,76.460007 ,78.889999 ,47.0      ,43.200001  ,1.2       ,226.0     ,2.0       ,225.0      ,0.0       ,0.0       ,78.889999 ,79.429779 
1343234400,76.460007 ,78.998001 ,47.0      ,43.0       ,1.2       ,209.0     ,2.0       ,225.0      ,0.0       ,0.0       ,78.998001 ,79.485977 
1343234700,76.460007 ,79.231995 ,47.0      ,43.0       ,0.9       ,177.0     ,2.0       ,315.0      ,0.0       ,0.0       ,79.231995 ,79.639824 
1343235000,76.460007 ,79.357994 ,47.0      ,43.0       ,0.7       ,75.0      ,1.0       ,225.0      ,0.0       ,0.0       ,79.357994 ,79.724586 
1343235300,76.460007 ,79.538002 ,47.0      ,42.5       ,0.5       ,234.0     ,1.0       ,203.0      ,0.0       ,0.0       ,79.538002 ,79.809776 
1343235600,76.460007 ,79.772003 ,47.0      ,42.200001  ,0.6       ,240.0     ,3.0       ,248.0      ,0.0       ,0.0       ,79.772003 ,79.948349 
1343235900,76.460007 ,79.898003 ,47.0      ,42.0       ,0.9       ,255.0     ,2.0       ,315.0      ,0.0       ,0.0       ,79.898003 ,80.020821 
1343236200,76.460007 ,80.077995 ,47.0      ,42.0       ,0.5       ,219.0     ,2.0       ,315.0      ,0.0       ,0.0       ,80.077995 ,80.149345 
1343236500,76.460007 ,80.239998 ,47.0      ,42.0       ,1.0       ,258.0     ,2.0       ,293.0      ,0.0       ,0.0       ,80.239998 ,80.267303 
1343236800,76.460007 ,80.473984 ,47.0      ,42.0       ,0.6       ,22.0      ,2.0       ,45.0       ,0.0       ,0.0       ,80.473984 ,80.441528 
1343237100,76.460007 ,80.708008 ,47.0      ,41.400002  ,0.0       ,          ,0.0       ,           ,0.0       ,0.0       ,80.708008 ,80.563255 
1343237400,76.460007 ,80.942001 ,47.0      ,40.5       ,0.7       ,231.0     ,2.0       ,45.0       ,0.0       ,0.0       ,80.942001 ,80.656143 
1343237700,76.460007 ,81.122009 ,47.0      ,40.799999  ,0.9       ,133.0     ,2.0       ,270.0      ,0.0       ,0.0       ,81.122009 ,80.825302 
1343238000,76.460007 ,81.392006 ,47.0      ,41.0       ,0.3       ,54.0      ,1.0       ,45.0       ,0.0       ,0.0       ,81.392006 ,81.061417 
1343238300,76.460007 ,81.625992 ,47.0      ,40.700001  ,0.4       ,84.0      ,2.0       ,270.0      ,0.0       ,0.0       ,81.625992 ,81.22039  
1343238600,76.460007 ,81.787994 ,47.0      ,40.299999  ,0.8       ,22.0      ,1.0       ,45.0       ,0.0       ,0.0       ,81.787994 ,81.310196 
1343238900,76.460007 ,81.895988 ,47.0      ,40.099998  ,0.8       ,108.0     ,2.0       ,225.0      ,0.0       ,0.0       ,81.895988 ,81.377655 
1343239200,76.459999 ,82.240005 ,47.0      ,39.777779  ,1.222222  ,30.0      ,2.0       ,45.0       ,0.0       ,0.0       ,82.240005 ,81.631027 
1343239500,76.460007 ,82.490005 ,47.0      ,39.799999  ,0.4       ,240.0     ,1.0       ,225.0      ,0.0       ,0.0       ,82.490005 ,81.849884 
1343239800,76.460007 ,82.742004 ,47.0      ,39.599998  ,0.4       ,54.0      ,1.0       ,45.0       ,0.0       ,0.0       ,82.742004 ,82.047279 
1343240100,76.460007 ,82.940002 ,47.0      ,39.299999  ,0.2       ,58.0      ,1.0       ,45.0       ,0.0       ,0.0       ,82.940002 ,82.185951 
1343240400,76.460007 ,83.173996 ,47.0      ,40.0       ,0.2       ,75.0      ,1.0       ,248.0      ,0.0       ,0.0       ,83.173996 ,82.49379  
1343240700,76.460007 ,83.299995 ,47.0      ,38.599998  ,1.2       ,219.0     ,3.0       ,180.0      ,0.0       ,0.0       ,83.299995 ,82.419968 
1343241000,76.460007 ,83.389992 ,47.0      ,38.299999  ,0.9       ,324.0     ,1.0       ,45.0       ,0.0       ,0.0       ,83.389992 ,82.461975 
1343241300,76.460007 ,83.570007 ,47.0      ,38.0       ,0.4       ,252.0     ,1.0       ,45.0       ,0.0       ,0.0       ,83.570007 ,82.586548 
1343241600,76.460007 ,83.803993 ,47.0      ,38.400002  ,0.8       ,54.0      ,2.0       ,180.0      ,0.0       ,0.0       ,83.803993 ,82.860809 
1343241900,76.460007 ,84.074013 ,47.0      ,38.700001  ,0.4       ,236.0     ,2.0       ,248.0      ,0.0       ,0.0       ,84.074013 ,83.163971 
1343242200,76.460007 ,84.254005 ,47.0      ,37.299999  ,1.0       ,198.0     ,2.0       ,45.0       ,0.0       ,0.0       ,84.254005 ,83.129745 
1343242500,76.460007 ,84.524002 ,47.0      ,38.0       ,0.2       ,66.0      ,1.0       ,23.0       ,0.0       ,0.0       ,84.524002 ,83.498589 
1343242800,76.459999 ,84.839996 ,47.0      ,37.222221  ,0.666667  ,117.0     ,2.0       ,23.0       ,0.0       ,0.0       ,84.839996 ,83.690315 
1343243100,76.460007 ,85.027992 ,47.0      ,36.799999  ,0.5       ,49.0      ,2.0       ,23.0       ,0.0       ,0.0       ,85.027992 ,83.810951 
1343243400,76.460007 ,85.352005 ,47.0      ,37.0       ,1.0       ,239.0     ,1.0       ,225.0      ,0.0       ,0.0       ,85.352005 ,84.172729 
1343243700,76.460007 ,85.460014 ,47.0      ,36.700001  ,1.2       ,60.0      ,3.0       ,225.0      ,0.0       ,0.0       ,85.460014 ,84.233307 
1343244000,76.460007 ,85.694008 ,47.0      ,35.700001  ,1.2       ,18.0      ,2.0       ,45.0       ,0.0       ,0.0       ,85.694008 ,84.305565 
1343244300,76.460007 ,85.856003 ,47.0      ,35.0       ,1.2       ,39.0      ,2.0       ,0.0        ,0.0       ,0.0       ,85.856003 ,84.354668 
1343244600,76.460007 ,86.089996 ,47.0      ,35.0       ,0.4       ,118.0     ,1.0       ,45.0       ,0.0       ,0.0       ,86.089996 ,84.594986 
1343244900,76.460007 ,86.341995 ,47.0      ,35.0       ,0.2       ,186.0     ,1.0       ,180.0      ,0.0       ,0.0       ,86.341995 ,84.857933 
1343245200,76.460007 ,86.539986 ,47.0      ,35.0       ,0.3       ,246.0     ,1.0       ,270.0      ,0.0       ,0.0       ,86.539986 ,85.067535 
1343245500,76.460007 ,86.719994 ,47.0      ,35.0       ,0.8       ,247.0     ,2.0       ,248.0      ,0.0       ,0.0       ,86.719994 ,85.260406 
1343245800,76.460007 ,86.828011 ,47.0      ,34.0       ,0.8       ,54.0      ,2.0       ,45.0       ,0.0       ,0.0       ,86.828011 ,85.193542 
1343246100,76.460007 ,87.008011 ,47.0      ,34.0       ,0.2       ,54.0      ,1.0       ,225.0      ,0.0       ,0.0       ,87.008011 ,85.385605 
1343246400,76.459999 ,87.080009 ,47.0      ,34.0       ,0.666667  ,99.0      ,2.0       ,225.0      ,0.0       ,0.0       ,87.080009 ,85.46302  
1343246700,76.460007 ,87.098007 ,47.0      ,34.0       ,0.7       ,33.0      ,2.0       ,45.0       ,0.0       ,0.0       ,87.098007 ,85.482422 
1343247000,76.460007 ,87.260002 ,47.0      ,33.599998  ,0.3       ,28.0      ,2.0       ,45.0       ,0.0       ,0.0       ,87.260002 ,85.582901 
1343247300,76.460007 ,87.493996 ,47.0      ,33.299999  ,0.3       ,147.0     ,1.0       ,270.0      ,0.0       ,0.0       ,87.493996 ,85.780243 
1343247600,76.460007 ,87.620003 ,47.0      ,33.700001  ,0.5       ,36.0      ,1.0       ,248.0      ,0.0       ,0.0       ,87.620003 ,85.995308 
1343247900,76.460007 ,87.655998 ,47.0      ,32.799999  ,0.0       ,          ,0.0       ,           ,0.0       ,0.0       ,87.655998 ,85.862053 
1343248200,76.460007 ,87.638    ,47.0      ,32.0       ,0.0       ,          ,0.0       ,           ,0.0       ,0.0       ,87.638    ,85.695297 
1343248500,76.460007 ,87.692001 ,47.0      ,32.5       ,0.4       ,54.0      ,2.0       ,45.0       ,0.0       ,0.0       ,87.692001 ,85.84491  
1343248800,76.460007 ,87.871994 ,47.0      ,32.599998  ,0.0       ,          ,0.0       ,           ,0.0       ,0.0       ,87.871994 ,86.059601 
1343249100,76.460007 ,88.033997 ,47.0      ,32.299999  ,0.8       ,226.0     ,2.0       ,225.0      ,0.0       ,0.0       ,88.033997 ,86.179596 
1343249400,76.460007 ,87.997993 ,47.0      ,32.0       ,0.1       ,324.0     ,1.0       ,270.0      ,0.0       ,0.0       ,87.997993 ,86.083092 
1343249700,76.460007 ,87.368004 ,47.0      ,32.0       ,0.7       ,26.0      ,1.0       ,0.0        ,0.0       ,0.0       ,87.368004 ,85.409637 
1343250000,76.586014 ,86.899994 ,47.0      ,32.0       ,0.0       ,          ,0.0       ,           ,0.0       ,0.0       ,86.899994 ,84.92498  
1343250300,76.640007 ,86.233994 ,47.0      ,32.0       ,0.4       ,187.0     ,1.0       ,203.0      ,0.0       ,0.0       ,86.233994 ,84.258301 
1343250600,76.640007 ,85.622009 ,47.0      ,32.700001  ,0.2       ,105.0     ,2.0       ,248.0      ,0.0       ,0.0       ,85.622009 ,83.768326 
1343250900,76.640007 ,85.207993 ,47.0      ,32.299999  ,0.3       ,43.0      ,1.0       ,225.0      ,0.0       ,0.0       ,85.207993 ,83.323753 
1343251200,76.640007 ,84.811996 ,47.0      ,32.599998  ,0.3       ,15.0      ,1.0       ,0.0        ,0.0       ,0.0       ,84.811996 ,83.001045 
1343251500,76.640007 ,84.487999 ,47.0      ,32.5       ,0.2       ,75.0      ,1.0       ,45.0       ,0.0       ,0.0       ,84.487999 ,82.699059 
1343251800,76.640007 ,84.146011 ,47.0      ,32.099998  ,0.0       ,          ,0.0       ,           ,0.0       ,0.0       ,84.146011 ,82.35463  
1343252100,76.640007 ,83.857994 ,47.0      ,33.0       ,0.8       ,244.0     ,2.0       ,225.0      ,0.0       ,0.0       ,83.857994 ,82.212166 
1343252400,76.640007 ,83.533989 ,47.0      ,33.0       ,0.8       ,212.0     ,2.0       ,225.0      ,0.0       ,0.0       ,83.533989 ,81.939697 
1343252700,76.640007 ,83.245995 ,47.0      ,33.0       ,0.2       ,234.0     ,1.0       ,225.0      ,0.0       ,0.0       ,83.245995 ,81.703072 
1343253000,76.640007 ,83.012001 ,47.0      ,33.0       ,0.0       ,          ,0.0       ,           ,0.0       ,0.0       ,83.012001 ,81.514671 
1343253300,76.640007 ,82.850006 ,47.0      ,33.0       ,0.0       ,          ,0.0       ,           ,0.0       ,0.0       ,82.850006 ,81.386269 
1343253600,76.640007 ,82.760002 ,47.0      ,33.0       ,0.1       ,234.0     ,1.0       ,270.0      ,0.0       ,0.0       ,82.760002 ,81.315628 
1343253900,76.640007 ,82.688004 ,47.0      ,33.0       ,0.0       ,          ,0.0       ,           ,0.0       ,0.0       ,82.688004 ,81.259514 
1343254200,76.640007 ,82.508011 ,47.0      ,33.0       ,0.0       ,          ,0.0       ,           ,0.0       ,0.0       ,82.508011 ,81.120613 
1343254500,76.784004 ,82.274002 ,47.0      ,32.700001  ,0.1       ,222.0     ,1.0       ,203.0      ,0.0       ,0.0       ,82.274002 ,80.915337 
1343254800,76.748001 ,82.111992 ,47.0      ,33.0       ,0.0       ,          ,0.0       ,           ,0.0       ,0.0       ,82.111992 ,80.82222  
1343255100,76.82     ,81.877991 ,47.0      ,33.400002  ,0.0       ,          ,0.0       ,           ,0.0       ,0.0       ,81.877991 ,80.686188 
1343255400,76.82     ,81.715996 ,47.0      ,33.0       ,0.0       ,          ,0.0       ,           ,0.0       ,0.0       ,81.715996 ,80.533722 
1343255700,76.82     ,81.428001 ,47.0      ,33.099998  ,0.0       ,          ,0.0       ,           ,0.0       ,0.0       ,81.428001 ,80.338509 
1343256000,76.82     ,81.266006 ,47.0      ,33.599998  ,0.0       ,          ,0.0       ,           ,0.0       ,0.0       ,81.266006 ,80.267578 
1343256300,76.82     ,81.140007 ,47.0      ,34.0       ,0.0       ,          ,0.0       ,           ,0.0       ,0.0       ,81.140007 ,80.213799 
1343256600,76.964005 ,80.978004 ,47.0      ,34.0       ,0.0       ,          ,0.0       ,           ,0.0       ,0.0       ,80.978004 ,80.102898 
1343256900,77.0      ,80.923996 ,47.0      ,34.0       ,0.0       ,          ,0.0       ,           ,0.0       ,0.0       ,80.923996 ,80.066322 
1343257200,77.0      ,80.762001 ,47.0      ,34.0       ,0.0       ,          ,0.0       ,           ,0.0       ,0.0       ,80.762001 ,79.95771  
1343257500,77.0      ,80.599991 ,47.0      ,34.0       ,0.0       ,          ,0.0       ,           ,0.0       ,0.0       ,80.599991 ,79.850792 
1343257800,76.784004 ,80.419991 ,46.0      ,35.0       ,0.0       ,          ,0.0       ,           ,0.0       ,0.0       ,80.419991 ,79.811119 
1343258100,76.496002 ,80.239998 ,46.0      ,35.0       ,0.0       ,          ,0.0       ,           ,0.0       ,0.0       ,80.239998 ,79.694763 
1343258400,76.171989 ,80.077995 ,45.0      ,35.0       ,0.0       ,          ,0.0       ,           ,0.0       ,0.0       ,80.077995 ,79.591927 
1343258700,75.847992 ,79.898003 ,45.0      ,35.5       ,0.0       ,          ,0.0       ,           ,0.0       ,0.0       ,79.898003 ,79.516373 
1343259000,75.649994 ,79.754013 ,45.0      ,36.0       ,0.0       ,          ,0.0       ,           ,0.0       ,0.0       ,79.754013 ,79.463791 
1343259300,75.344009 ,79.574005 ,45.0      ,36.0       ,0.0       ,          ,0.0       ,           ,0.0       ,0.0       ,79.574005 ,79.353897 
1343259600,75.092003 ,79.286011 ,45.0      ,36.0       ,0.0       ,          ,0.0       ,           ,0.0       ,0.0       ,79.286011 ,79.182755 
1343259900,74.911987 ,79.105995 ,45.0      ,36.0       ,0.0       ,          ,0.0       ,           ,0.0       ,0.0       ,79.105995 ,79.078712 
1343260200,74.660011 ,78.781998 ,45.0      ,36.200001  ,0.0       ,          ,0.0       ,           ,0.0       ,0.0       ,78.781998 ,78.910011 
1343260500,74.479996 ,78.494003 ,45.0      ,37.0       ,0.0       ,          ,0.0       ,           ,0.0       ,0.0       ,78.494003 ,78.80394  
1343260800,74.371994 ,78.188004 ,45.0      ,37.599998  ,0.0       ,          ,0.0       ,           ,0.0       ,0.0       ,78.188004 ,78.678673 
1343261100,74.192001 ,77.95401  ,44.0      ,39.099998  ,0.0       ,          ,0.0       ,           ,0.0       ,0.0       ,77.95401  ,78.644142 
1343261400,74.047997 ,77.774002 ,44.0      ,40.0       ,0.0       ,          ,0.0       ,           ,0.0       ,0.0       ,77.774002 ,78.601219 
1343261700,73.940002 ,77.486    ,44.0      ,41.0       ,0.0       ,          ,0.0       ,           ,0.0       ,0.0       ,77.486    ,78.507713 
1343262000,73.796005 ,77.251999 ,44.0      ,41.0       ,0.0       ,          ,0.0       ,           ,0.0       ,0.0       ,77.251999 ,78.393661 
1343262300,73.724007 ,77.0      ,44.799999 ,41.099998  ,0.0       ,          ,0.0       ,           ,0.0       ,0.0       ,77.0      ,78.280228 
1343262600,73.580009 ,76.802002 ,45.0      ,42.0       ,0.0       ,          ,0.0       ,           ,0.0       ,0.0       ,76.802002 ,78.228439 
1343262900,73.724007 ,76.640007 ,45.0      ,42.0       ,0.0       ,          ,0.0       ,           ,0.0       ,0.0       ,76.640007 ,78.156448 
1343263200,73.580009 ,76.460007 ,45.0      ,42.0       ,0.0       ,          ,0.0       ,           ,0.0       ,0.0       ,76.460007 ,78.078972 
1343263500,73.580009 ,76.352005 ,44.400002 ,42.0       ,0.0       ,          ,0.0       ,           ,0.0       ,0.0       ,76.352005 ,78.033775 
1343263800,73.400009 ,76.243996 ,44.0      ,42.900002  ,0.0       ,          ,0.0       ,           ,0.0       ,0.0       ,76.243996 ,78.020317 
1343264100,73.327988 ,76.099991 ,44.0      ,43.0       ,0.0       ,          ,0.0       ,           ,0.0       ,0.0       ,76.099991 ,77.96479  
1343264400,73.219994 ,76.028    ,44.0      ,43.0       ,0.0       ,          ,0.0       ,           ,0.0       ,0.0       ,76.028    ,77.936058 
1343264700,73.039993 ,75.919991 ,44.0      ,43.0       ,0.0       ,          ,0.0       ,           ,0.0       ,0.0       ,75.919991 ,77.893745 
1343265000,73.003998 ,75.739998 ,44.0      ,43.0       ,0.0       ,          ,0.0       ,           ,0.0       ,0.0       ,75.739998 ,77.82547  
1343265300,72.859993 ,75.559998 ,44.0      ,43.599998  ,0.0       ,          ,0.0       ,           ,0.0       ,0.0       ,75.559998 ,77.775154 
1343265600,72.715996 ,75.362007 ,44.0      ,44.0       ,0.0       ,          ,0.0       ,           ,0.0       ,0.0       ,75.362007 ,77.713966 
1343265900,72.607994 ,75.182007 ,44.0      ,44.0       ,0.0       ,          ,0.0       ,           ,0.0       ,0.0       ,75.182007 ,77.652664 
1343266200,72.5      ,74.947983 ,44.0      ,44.0       ,0.0       ,          ,0.0       ,           ,0.0       ,0.0       ,74.947983 ,74.947983 
1343266500,72.571999 ,74.768005 ,44.599998 ,44.400002  ,0.0       ,          ,0.0       ,           ,0.0       ,0.0       ,74.768005 ,74.768005 
1343266800,72.751999 ,74.605995 ,46.0      ,45.0       ,0.0       ,          ,0.0       ,           ,0.0       ,0.0       ,74.605995 ,74.605995 
1343267100,72.859993 ,74.479996 ,47.0      ,45.0       ,0.0       ,          ,0.0       ,           ,0.0       ,0.0       ,74.479996 ,74.479996 
1343267400,73.039993 ,74.317993 ,47.0      ,45.0       ,0.0       ,          ,0.0       ,           ,0.0       ,0.0       ,74.317993 ,74.317993 
1343267700,73.039993 ,74.281998 ,46.200001 ,45.0       ,0.0       ,          ,0.0       ,           ,0.0       ,0.0       ,74.281998 ,74.281998 
1343268000,72.913986 ,74.119995 ,45.0      ,45.0       ,0.0       ,          ,0.0       ,           ,0.0       ,0.0       ,74.119995 ,74.119995 
1343268300,72.751999 ,73.994003 ,45.0      ,45.700001  ,0.0       ,          ,0.0       ,           ,0.0       ,0.0       ,73.994003 ,73.994003 
1343268600,72.607994 ,73.886002 ,44.799999 ,46.0       ,0.0       ,          ,0.0       ,           ,0.0       ,0.0       ,73.886002 ,73.886002 
1343268900,72.5      ,73.760002 ,44.0      ,46.0       ,0.0       ,          ,0.0       ,           ,0.0       ,0.0       ,73.760002 ,73.760002 
1343269200,72.5      ,73.670006 ,45.200001 ,46.0       ,0.0       ,          ,0.0       ,           ,0.0       ,0.0       ,73.670006 ,73.670006 
1343269500,72.643997 ,73.580009 ,46.200001 ,46.0       ,0.0       ,          ,0.0       ,           ,0.0       ,0.0       ,73.580009 ,73.580009 
1343269800,72.787994 ,73.508011 ,47.0      ,46.0       ,0.0       ,          ,0.0       ,           ,0.0       ,0.0       ,73.508011 ,73.508011 
1343270100,72.895988 ,73.327988 ,47.0      ,46.0       ,0.0       ,          ,0.0       ,           ,0.0       ,0.0       ,73.327988 ,73.327988 
1343270400,73.039993 ,73.219994 ,47.599998 ,46.700001  ,0.0       ,          ,0.0       ,           ,0.0       ,0.0       ,73.219994 ,73.219994 
1343270700,73.219994 ,73.057999 ,48.0      ,47.0       ,0.0       ,          ,0.0       ,           ,0.0       ,0.0       ,73.057999 ,73.057999 
1343271000,73.364006 ,73.003998 ,48.0      ,47.0       ,0.0       ,          ,0.0       ,           ,0.0       ,0.0       ,73.003998 ,73.003998 
1343271300,73.508011 ,72.859993 ,48.0      ,47.0       ,0.0       ,          ,0.0       ,           ,0.0       ,0.0       ,72.859993 ,72.859993 
1343271600,73.616013 ,72.841995 ,48.0      ,47.0       ,0.0       ,          ,0.0       ,           ,0.0       ,0.0       ,72.841995 ,72.841995 
1343271900,73.760002 ,72.68     ,48.599998 ,47.0       ,0.0       ,          ,0.0       ,           ,0.0       ,0.0       ,72.68     ,72.68     
1343272200,73.760002 ,72.68     ,47.599998 ,47.0       ,0.0       ,          ,0.0       ,           ,0.0       ,0.0       ,72.68     ,72.68     
1343272500,73.652008 ,72.68     ,46.200001 ,47.0       ,0.0       ,          ,0.0       ,           ,0.0       ,0.0       ,72.68     ,72.68     
1343272800,73.580009 ,72.554001 ,46.400002 ,47.0       ,0.2       ,54.0      ,1.0       ,45.0       ,0.0       ,0.0       ,72.554001 ,72.554001 
1343273100,73.580009 ,72.5      ,47.400002 ,47.0       ,0.0       ,          ,0.0       ,           ,0.0       ,0.0       ,72.5      ,72.5      
1343273400,73.652008 ,72.5      ,48.0      ,47.900002  ,0.0       ,          ,0.0       ,           ,0.0       ,0.0       ,72.5      ,72.5      
1343273700,73.760002 ,72.338005 ,48.0      ,48.0       ,0.0       ,          ,0.0       ,           ,0.0       ,0.0       ,72.338005 ,72.338005 
1343274000,73.832001 ,72.32     ,48.200001 ,48.0       ,0.0       ,          ,0.0       ,           ,0.0       ,0.0       ,72.32     ,72.32     
1343274300,73.940002 ,72.158005 ,49.0      ,48.900002  ,0.0       ,          ,0.0       ,           ,0.0       ,0.0       ,72.158005 ,72.158005 
1343274600,74.047997 ,72.050003 ,49.0      ,49.0       ,0.0       ,          ,0.0       ,           ,0.0       ,0.0       ,72.050003 ,72.050003 
1343274900,74.012001 ,71.960007 ,47.400002 ,49.0       ,0.0       ,          ,0.0       ,           ,0.0       ,0.0       ,71.960007 ,71.960007 
1343275200,73.832008 ,71.888    ,46.0      ,49.0       ,0.0       ,          ,0.0       ,           ,0.0       ,0.0       ,71.888    ,71.888    
1343275500,73.760002 ,71.780006 ,46.0      ,49.299999  ,0.0       ,          ,0.0       ,           ,0.0       ,0.0       ,71.780006 ,71.780006 
1343275800,73.760002 ,71.564003 ,46.0      ,50.0       ,0.0       ,          ,0.0       ,           ,0.0       ,0.0       ,71.564003 ,71.564003 
1343276100,73.886002 ,71.419991 ,48.0      ,50.200001  ,0.0       ,          ,0.0       ,           ,0.0       ,0.0       ,71.419991 ,71.419991 
1343276400,73.940002 ,71.329994 ,48.099998 ,51.0       ,0.0       ,          ,0.0       ,           ,0.0       ,0.0       ,71.329994 ,71.329994 
1343276700,73.940002 ,71.239998 ,49.0      ,51.0       ,0.0       ,          ,0.0       ,           ,0.0       ,0.0       ,71.239998 ,71.239998 
1343277000,74.101997 ,71.239998 ,49.0      ,51.5       ,0.0       ,          ,0.0       ,           ,0.0       ,0.0       ,71.239998 ,71.239998 
1343277300,74.119995 ,71.059998 ,49.0      ,52.0       ,0.0       ,          ,0.0       ,           ,0.0       ,0.0       ,71.059998 ,71.059998 
1343277600,74.191994 ,71.059998 ,49.0      ,52.0       ,0.0       ,          ,0.0       ,           ,0.0       ,0.0       ,71.059998 ,71.059998 
1343277900,74.299995 ,70.952003 ,49.0      ,52.599998  ,0.0       ,          ,0.0       ,           ,0.0       ,0.0       ,70.952003 ,70.952003 
1343278200,74.192001 ,70.880005 ,47.400002 ,53.0       ,0.0       ,          ,0.0       ,           ,0.0       ,0.0       ,70.880005 ,70.880005 
1343278500,73.975998 ,70.880005 ,46.200001 ,53.0       ,0.0       ,          ,0.0       ,           ,0.0       ,0.0       ,70.880005 ,70.880005 
1343278800,73.940002 ,70.754013 ,47.0      ,53.700001  ,0.0       ,          ,0.0       ,           ,0.0       ,0.0       ,70.754013 ,70.754013 
1343279100,73.940002 ,70.700005 ,48.0      ,54.0       ,0.0       ,          ,0.0       ,           ,0.0       ,0.0       ,70.700005 ,70.700005 
1343279400,74.047997 ,70.700005 ,48.0      ,54.0       ,0.0       ,          ,0.0       ,           ,0.0       ,0.0       ,70.700005 ,70.700005 
1343279700,74.119995 ,70.700005 ,48.0      ,54.0       ,0.0       ,          ,0.0       ,           ,0.0       ,0.0       ,70.700005 ,70.700005 
1343280000,74.119995 ,70.610001 ,49.0      ,54.099998  ,0.0       ,          ,0.0       ,           ,0.0       ,0.0       ,70.610001 ,70.610001 
1343280300,74.155991 ,70.520004 ,49.0      ,55.0       ,0.0       ,          ,0.0       ,           ,0.0       ,0.0       ,70.520004 ,70.520004 
1343280600,74.299995 ,70.520004 ,49.0      ,55.0       ,0.0       ,          ,0.0       ,           ,0.0       ,0.0       ,70.520004 ,70.520004 
1343280900,74.299995 ,70.393997 ,49.0      ,55.0       ,0.0       ,          ,0.0       ,           ,0.0       ,0.0       ,70.393997 ,70.393997 
1343281200,74.444    ,70.339989 ,49.0      ,55.299999  ,0.0       ,          ,0.0       ,           ,0.0       ,0.0       ,70.339989 ,70.339989 
1343281500,74.479996 ,70.304001 ,49.0      ,56.0       ,0.0       ,          ,0.0       ,           ,0.0       ,0.0       ,70.304001 ,70.304001 
1343281800,74.516006 ,70.160011 ,49.0      ,56.0       ,0.0       ,          ,0.0       ,           ,0.0       ,0.0       ,70.160011 ,70.160011 
1343282100,74.660011 ,70.160011 ,49.400002 ,56.0       ,0.0       ,          ,0.0       ,           ,0.0       ,0.0       ,70.160011 ,70.160011 
1343282400,74.660011 ,70.160011 ,48.799999 ,56.0       ,0.0       ,          ,0.0       ,           ,0.0       ,0.0       ,70.160011 ,70.160011 
1343282700,74.408005 ,69.979996 ,46.599998 ,56.0       ,0.0       ,          ,0.0       ,           ,0.0       ,0.0       ,69.979996 ,69.979996 
1343283000,74.192001 ,69.979996 ,46.599998 ,56.599998  ,0.0       ,          ,0.0       ,           ,0.0       ,0.0       ,69.979996 ,69.979996 
1343283300,74.119995 ,69.979996 ,47.599998 ,57.0       ,0.0       ,          ,0.0       ,           ,0.0       ,0.0       ,69.979996 ,69.979996 
1343283600,74.119995 ,69.979996 ,48.0      ,57.0       ,0.0       ,          ,0.0       ,           ,0.0       ,0.0       ,69.979996 ,69.979996 
1343283900,74.227989 ,69.979996 ,48.0      ,57.0       ,0.0       ,          ,0.0       ,           ,0.0       ,0.0       ,69.979996 ,69.979996 
1343284200,74.299995 ,69.979996 ,48.0      ,57.0       ,0.0       ,          ,0.0       ,           ,0.0       ,0.0       ,69.979996 ,69.979996 
1343284500,74.299995 ,69.799995 ,48.799999 ,57.0       ,0.0       ,          ,0.0       ,           ,0.0       ,0.0       ,69.799995 ,69.799995 
1343284800,74.299995 ,69.799995 ,49.0      ,57.0       ,0.0       ,          ,0.0       ,           ,0.0       ,0.0       ,69.799995 ,69.799995 
1343285100,74.407997 ,69.799995 ,49.0      ,57.0       ,0.0       ,          ,0.0       ,           ,0.0       ,0.0       ,69.799995 ,69.799995 
1343285400,74.479996 ,69.799995 ,49.0      ,57.0       ,0.0       ,          ,0.0       ,           ,0.0       ,0.0       ,69.799995 ,69.799995 
1343285700,74.479996 ,69.799995 ,49.0      ,57.799999  ,0.0       ,          ,0.0       ,           ,0.0       ,0.0       ,69.799995 ,69.799995 
1343286000,74.516006 ,69.799995 ,49.0      ,58.0       ,0.0       ,          ,0.0       ,           ,0.0       ,0.0       ,69.799995 ,69.799995 
1343286300,74.552002 ,69.673996 ,49.0      ,58.0       ,0.0       ,          ,0.0       ,           ,0.0       ,0.0       ,69.673996 ,69.673996 
1343286600,74.660011 ,69.619995 ,49.0      ,58.0       ,0.0       ,          ,0.0       ,           ,0.0       ,0.0       ,69.619995 ,69.619995 
1343286900,74.660011 ,69.619995 ,50.0      ,58.0       ,0.0       ,          ,0.0       ,           ,0.0       ,0.0       ,69.619995 ,69.619995 
1343287200,74.660011 ,69.619995 ,50.0      ,58.0       ,0.0       ,          ,0.0       ,           ,0.0       ,0.0       ,69.619995 ,69.619995 
1343287500,74.76799  ,69.619995 ,50.0      ,58.400002  ,0.0       ,          ,0.0       ,           ,0.0       ,0.0       ,69.619995 ,69.619995 
1343287800,74.839989 ,69.619995 ,50.0      ,59.0       ,0.0       ,          ,0.0       ,           ,0.0       ,0.0       ,69.619995 ,69.619995 
1343288100,74.839989 ,69.512001 ,50.0      ,59.0       ,0.0       ,          ,0.0       ,           ,0.0       ,0.0       ,69.512001 ,69.512001 
1343288400,74.948006 ,69.440002 ,50.0      ,59.0       ,0.0       ,          ,0.0       ,           ,0.0       ,0.0       ,69.440002 ,69.440002 
1343288700,75.020004 ,69.440002 ,49.599998 ,59.900002  ,0.0       ,          ,0.0       ,           ,0.0       ,0.0       ,69.440002 ,69.440002 
1343289000,74.768005 ,69.440002 ,47.400002 ,60.0       ,0.0       ,          ,0.0       ,           ,0.0       ,0.0       ,69.440002 ,69.440002 
1343289300,74.515999 ,69.440002 ,47.200001 ,60.0       ,0.0       ,          ,0.0       ,           ,0.0       ,0.0       ,69.440002 ,69.440002 
1343289600,74.479996 ,69.386002 ,48.200001 ,60.700001  ,0.0       ,          ,0.0       ,           ,0.0       ,0.0       ,69.386002 ,69.386002 
1343289900,74.479996 ,69.260002 ,49.0      ,61.0       ,0.0       ,          ,0.0       ,           ,0.0       ,0.0       ,69.260002 ,69.260002 
1343290200,74.479996 ,69.260002 ,49.0      ,61.0       ,0.0       ,          ,0.0       ,           ,0.0       ,0.0       ,69.260002 ,69.260002 
1343290500,74.660011 ,69.260002 ,49.0      ,61.0       ,0.0       ,          ,0.0       ,           ,0.0       ,0.0       ,69.260002 ,69.260002 
1343290800,74.660011 ,69.116013 ,49.0      ,61.0       ,0.0       ,          ,0.0       ,           ,0.0       ,0.0       ,69.116013 ,69.116013 
1343291100,74.803993 ,69.080009 ,49.0      ,61.0       ,0.0       ,          ,0.0       ,           ,0.0       ,0.0       ,69.080009 ,69.080009 
1343291400,74.839989 ,69.080009 ,49.799999 ,61.0       ,0.0       ,          ,0.0       ,           ,0.0       ,0.0       ,69.080009 ,69.080009 
1343291700,74.875999 ,69.026016 ,50.0      ,61.299999  ,0.0       ,          ,0.0       ,           ,0.0       ,0.0       ,69.026016 ,69.026016 
1343292000,75.020004 ,68.900009 ,50.0      ,62.0       ,0.0       ,          ,0.0       ,           ,0.0       ,0.0       ,68.900009 ,68.900009 
1343292300,75.020004 ,68.900009 ,50.0      ,62.0       ,0.0       ,          ,0.0       ,           ,0.0       ,0.0       ,68.900009 ,68.900009 
1343292600,75.020004 ,68.900009 ,50.0      ,62.0       ,0.0       ,          ,0.0       ,           ,0.0       ,0.0       ,68.900009 ,68.900009 
1343292900,75.164009 ,68.900009 ,50.0      ,62.0       ,0.0       ,          ,0.0       ,           ,0.0       ,0.0       ,68.900009 ,68.900009 
1343293200,75.200005 ,68.900009 ,50.0      ,62.0       ,0.0       ,          ,0.0       ,           ,0.0       ,0.0       ,68.900009 ,68.900009 
1343293500,75.200005 ,68.900009 ,50.0      ,62.599998  ,0.0       ,          ,0.0       ,           ,0.0       ,0.0       ,68.900009 ,68.900009 
1343293800,75.200005 ,68.900009 ,50.0      ,63.0       ,0.0       ,          ,0.0       ,           ,0.0       ,0.0       ,68.900009 ,68.900009 
1343294100,75.200005 ,68.809998 ,50.0      ,63.0       ,0.0       ,          ,0.0       ,           ,0.0       ,0.0       ,68.809998 ,68.809998 
