1337592000,70.880005 ,55.940002 ,49.0      ,54.0       ,0.0       ,          ,0.0       ,           ,0.0       ,0.0       ,55.940002 ,55.940002 
1337592300,70.880005 ,55.940002 ,49.0      ,54.799999  ,0.0       ,          ,0.0       ,           ,0.0       ,0.0       ,55.940002 ,55.940002 
1337592600,70.880005 ,56.012001 ,49.0      ,55.0       ,0.0       ,          ,0.0       ,           ,0.0       ,0.0       ,56.012001 ,56.012001 
1337592900,70.880005 ,56.120003 ,49.0      ,55.0       ,0.0       ,          ,0.0       ,           ,0.0       ,0.0       ,56.120003 ,56.120003 
1337593200,70.880005 ,56.120003 ,49.0      ,55.0       ,0.0       ,          ,0.0       ,           ,0.0       ,0.0       ,56.120003 ,56.120003 
1337593500,70.880005 ,56.083996 ,49.0      ,55.0       ,0.0       ,          ,0.0       ,           ,0.0       ,0.0       ,56.083996 ,56.083996 
1337593800,70.790009 ,55.940002 ,49.0      ,55.0       ,0.0       ,          ,0.0       ,           ,0.0       ,0.0       ,55.940002 ,55.940002 
1337594100,70.700005 ,55.940002 ,49.0      ,55.0       ,0.0       ,          ,0.0       ,           ,0.0       ,0.0       ,55.940002 ,55.940002 
1337594400,70.700005 ,56.012001 ,49.0      ,55.0       ,0.0       ,          ,0.0       ,           ,0.0       ,0.0       ,56.012001 ,56.012001 
1337594700,70.700005 ,56.120003 ,49.0      ,55.0       ,0.0       ,          ,0.0       ,           ,0.0       ,0.0       ,56.120003 ,56.120003 
1337595000,70.700005 ,56.299995 ,49.0      ,55.0       ,0.0       ,          ,0.0       ,           ,0.0       ,0.0       ,56.299995 ,56.299995 
1337595300,70.700005 ,56.299995 ,49.0      ,55.599998  ,0.0       ,          ,0.0       ,           ,0.0       ,0.0       ,56.299995 ,56.299995 
1337595600,70.700005 ,56.462006 ,49.0      ,56.0       ,0.0       ,          ,0.0       ,           ,0.0       ,0.0       ,56.462006 ,56.462006 
1337595900,70.700005 ,56.624001 ,49.0      ,56.0       ,0.0       ,          ,0.0       ,           ,0.0       ,0.0       ,56.624001 ,56.624001 
1337596200,70.700005 ,56.732002 ,49.0      ,56.0       ,0.0       ,          ,0.0       ,           ,0.0       ,0.0       ,56.732002 ,56.732002 
1337596500,70.700005 ,56.840004 ,49.0      ,56.0       ,0.0       ,          ,0.0       ,           ,0.0       ,0.0       ,56.840004 ,56.840004 
1337596800,70.700005 ,57.073997 ,49.0      ,56.299999  ,0.0       ,          ,0.0       ,           ,0.0       ,0.0       ,57.073997 ,57.073997 
1337597100,70.700005 ,57.200005 ,49.0      ,56.0       ,0.0       ,          ,0.0       ,           ,0.0       ,0.0       ,57.200005 ,57.200005 
1337597400,70.573997 ,57.362    ,49.0      ,56.0       ,0.0       ,          ,0.0       ,           ,0.0       ,0.0       ,57.362    ,57.362    
1337597700,70.520004 ,57.523998 ,49.0      ,56.0       ,0.2       ,241.0     ,1.0       ,248.0      ,0.0       ,0.0       ,57.523998 ,57.523998 
1337598000,70.520004 ,57.631996 ,49.0      ,56.0       ,0.0       ,          ,0.0       ,           ,0.0       ,0.0       ,57.631996 ,57.631996 
1337598300,70.520004 ,57.86599  ,49.0      ,56.0       ,0.0       ,          ,0.0       ,           ,0.0       ,0.0       ,57.86599  ,57.86599  
1337598600,70.520004 ,58.154003 ,49.0      ,56.0       ,0.0       ,          ,0.0       ,           ,0.0       ,0.0       ,58.154003 ,58.154003 
1337598900,70.520004 ,58.477997 ,49.0      ,56.0       ,0.0       ,          ,0.0       ,           ,0.0       ,0.0       ,58.477997 ,58.477997 
1337599200,70.520004 ,58.838001 ,49.0      ,56.0       ,0.0       ,          ,0.0       ,           ,0.0       ,0.0       ,58.838001 ,58.838001 
1337599500,70.520004 ,59.161995 ,49.0      ,55.200001  ,0.0       ,          ,0.0       ,           ,0.0       ,0.0       ,59.161995 ,59.161995 
1337599800,70.520004 ,59.359993 ,49.0      ,55.0       ,0.0       ,          ,0.0       ,           ,0.0       ,0.0       ,59.359993 ,59.359993 
1337600100,70.520004 ,59.594002 ,49.0      ,55.0       ,0.0       ,          ,0.0       ,           ,0.0       ,0.0       ,59.594002 ,59.594002 
1337600400,70.520004 ,59.773998 ,49.099998 ,55.0       ,0.0       ,          ,0.0       ,           ,0.0       ,0.0       ,59.773998 ,59.773998 
1337600700,70.520004 ,60.008007 ,50.0      ,55.0       ,0.0       ,          ,0.0       ,           ,0.0       ,0.0       ,60.008007 ,60.008007 
1337601000,70.520004 ,60.170006 ,50.0      ,54.099998  ,0.0       ,          ,0.0       ,           ,0.0       ,0.0       ,60.170006 ,60.170006 
1337601300,70.520004 ,60.332001 ,50.0      ,54.0       ,0.0       ,          ,0.0       ,           ,0.0       ,0.0       ,60.332001 ,60.332001 
1337601600,70.520004 ,60.565998 ,50.0      ,54.0       ,0.0       ,          ,0.0       ,           ,0.0       ,0.0       ,60.565998 ,60.565998 
1337601900,70.520004 ,60.620003 ,50.0      ,54.0       ,0.0       ,          ,0.0       ,           ,0.0       ,0.0       ,60.620003 ,60.620003 
1337602200,70.520004 ,60.799995 ,50.0      ,53.0       ,0.0       ,          ,0.0       ,           ,0.0       ,0.0       ,60.799995 ,60.799995 
1337602500,70.520004 ,60.962006 ,50.0      ,53.0       ,0.0       ,          ,0.0       ,           ,0.0       ,0.0       ,60.962006 ,60.962006 
1337602800,70.520004 ,61.141998 ,50.0      ,53.0       ,0.0       ,          ,0.0       ,           ,0.0       ,0.0       ,61.141998 ,61.141998 
1337603100,70.520004 ,61.304005 ,50.0      ,53.0       ,0.0       ,          ,0.0       ,           ,0.0       ,0.0       ,61.304005 ,61.304005 
1337603400,70.682007 ,61.340004 ,50.0      ,53.0       ,0.0       ,          ,0.0       ,           ,0.0       ,0.0       ,61.340004 ,61.340004 
1337603700,70.700005 ,61.519997 ,50.0      ,53.0       ,0.0       ,          ,0.0       ,           ,0.0       ,0.0       ,61.519997 ,61.519997 
1337604000,70.862007 ,61.700005 ,50.0      ,52.700001  ,0.0       ,          ,0.0       ,           ,0.0       ,0.0       ,61.700005 ,61.700005 
1337604300,70.880005 ,61.808002 ,50.0      ,52.0       ,0.0       ,          ,0.0       ,           ,0.0       ,0.0       ,61.808002 ,61.808002 
1337604600,70.880005 ,61.970001 ,50.0      ,52.0       ,0.0       ,          ,0.0       ,           ,0.0       ,0.0       ,61.970001 ,61.970001 
1337604900,70.880005 ,62.203999 ,50.0      ,52.0       ,0.0       ,          ,0.0       ,           ,0.0       ,0.0       ,62.203999 ,62.203999 
1337605200,70.880005 ,62.311993 ,50.0      ,52.0       ,0.0       ,          ,0.0       ,           ,0.0       ,0.0       ,62.311993 ,62.311993 
1337605500,70.880005 ,62.599998 ,50.0      ,51.700001  ,0.0       ,          ,0.0       ,           ,0.0       ,0.0       ,62.599998 ,62.599998 
1337605800,70.880005 ,62.708    ,50.0      ,51.0       ,0.0       ,          ,0.0       ,           ,0.0       ,0.0       ,62.708    ,62.708    
1337606100,70.880005 ,62.977997 ,50.0      ,51.0       ,0.0       ,          ,0.0       ,           ,0.0       ,0.0       ,62.977997 ,62.977997 
1337606400,70.880005 ,63.230003 ,50.0      ,51.0       ,0.1       ,158.0     ,1.0       ,248.0      ,0.0       ,0.0       ,63.230003 ,63.230003 
1337606700,70.880005 ,63.410004 ,50.0      ,51.0       ,0.1       ,239.0     ,1.0       ,248.0      ,0.0       ,0.0       ,63.410004 ,63.410004 
1337607000,70.880005 ,63.68     ,50.0      ,51.0       ,0.0       ,          ,0.0       ,           ,0.0       ,0.0       ,63.68     ,63.68     
1337607300,70.880005 ,63.68     ,50.0      ,51.0       ,0.0       ,          ,0.0       ,           ,0.0       ,0.0       ,63.68     ,63.68     
1337607600,70.880005 ,63.859993 ,50.0      ,50.0       ,0.2       ,0.0       ,1.0       ,0.0        ,0.0       ,0.0       ,63.859993 ,63.859993 
1337607900,70.880005 ,63.950001 ,50.0      ,50.5       ,0.0       ,          ,0.0       ,           ,0.0       ,0.0       ,63.950001 ,63.950001 
1337608200,70.880005 ,64.057999 ,50.0      ,50.5       ,0.2       ,276.0     ,1.0       ,0.0        ,0.0       ,0.0       ,64.057999 ,64.057999 
1337608500,70.880005 ,64.219994 ,50.0      ,50.0       ,0.0       ,          ,0.0       ,           ,0.0       ,0.0       ,64.219994 ,64.219994 
1337608800,70.880005 ,64.346001 ,49.900002 ,49.299999  ,0.0       ,          ,0.0       ,           ,0.0       ,0.0       ,64.346001 ,64.346001 
1337609100,70.880005 ,64.400009 ,49.0      ,49.0       ,0.0       ,          ,0.0       ,           ,0.0       ,0.0       ,64.400009 ,64.400009 
1337609400,70.880005 ,64.436005 ,49.0      ,49.0       ,0.0       ,          ,0.0       ,           ,0.0       ,0.0       ,64.436005 ,64.436005 
1337609700,70.880005 ,64.706009 ,49.0      ,49.0       ,0.0       ,          ,0.0       ,           ,0.0       ,0.0       ,64.706009 ,64.706009 
1337610000,70.880005 ,65.084    ,49.0      ,49.0       ,0.0       ,          ,0.0       ,           ,0.0       ,0.0       ,65.084    ,65.084    
1337610300,70.880005 ,65.263992 ,49.099998 ,49.0       ,0.0       ,          ,0.0       ,           ,0.0       ,0.0       ,65.263992 ,65.263992 
1337610600,70.880005 ,65.426003 ,50.0      ,49.0       ,0.0       ,          ,0.0       ,           ,0.0       ,0.0       ,65.426003 ,65.426003 
1337610900,70.880005 ,65.534012 ,50.0      ,49.0       ,0.0       ,          ,0.0       ,           ,0.0       ,0.0       ,65.534012 ,65.534012 
1337611200,70.880005 ,65.660011 ,49.799999 ,49.0       ,0.0       ,          ,0.0       ,           ,0.0       ,0.0       ,65.660011 ,65.660011 
1337611500,70.880005 ,65.75     ,50.0      ,49.0       ,0.0       ,          ,0.0       ,           ,0.0       ,0.0       ,65.75     ,65.75     
1337611800,70.880005 ,65.839989 ,50.0      ,49.0       ,0.0       ,          ,0.0       ,           ,0.0       ,0.0       ,65.839989 ,65.839989 
1337612100,70.880005 ,65.983994 ,50.0      ,49.0       ,0.0       ,          ,0.0       ,           ,0.0       ,0.0       ,65.983994 ,65.983994 
1337612400,70.826004 ,66.091995 ,50.0      ,49.0       ,0.0       ,          ,0.0       ,           ,0.0       ,0.0       ,66.091995 ,66.091995 
1337612700,70.718002 ,66.307999 ,50.0      ,49.0       ,0.0       ,          ,0.0       ,           ,0.0       ,0.0       ,66.307999 ,66.307999 
1337613000,70.718002 ,66.542    ,50.0      ,49.0       ,0.0       ,          ,0.0       ,           ,0.0       ,0.0       ,66.542    ,66.542    
1337613300,70.700005 ,66.757988 ,50.0      ,49.0       ,0.0       ,          ,0.0       ,           ,0.0       ,0.0       ,66.757988 ,66.757988 
1337613600,70.700005 ,67.063995 ,50.0      ,49.0       ,0.0       ,          ,0.0       ,           ,0.0       ,0.0       ,67.063995 ,67.063995 
1337613900,70.736008 ,67.244003 ,50.0      ,49.0       ,0.0       ,          ,0.0       ,           ,0.0       ,0.0       ,67.244003 ,67.244003 
1337614200,70.700005 ,67.280006 ,50.0      ,49.0       ,0.0       ,          ,0.0       ,           ,0.0       ,0.0       ,67.280006 ,67.280006 
1337614500,70.700005 ,67.388    ,50.0      ,49.0       ,0.0       ,          ,0.0       ,           ,0.0       ,0.0       ,67.388    ,67.388    
1337614800,70.700005 ,67.496002 ,50.0      ,49.0       ,0.0       ,          ,0.0       ,           ,0.0       ,0.0       ,67.496002 ,67.496002 
1337615100,70.700005 ,67.640007 ,50.0      ,49.0       ,0.0       ,          ,0.0       ,           ,0.0       ,0.0       ,67.640007 ,67.640007 
1337615400,70.700005 ,67.784004 ,50.0      ,49.0       ,0.0       ,          ,0.0       ,           ,0.0       ,0.0       ,67.784004 ,67.784004 
1337615700,70.700005 ,68.035995 ,50.0      ,49.0       ,0.0       ,          ,0.0       ,           ,0.0       ,0.0       ,68.035995 ,68.035995 
1337616000,70.700005 ,68.359993 ,50.0      ,48.700001  ,0.0       ,          ,0.0       ,           ,0.0       ,0.0       ,68.359993 ,68.359993 
1337616300,70.700005 ,68.774002 ,50.0      ,48.0       ,0.0       ,          ,0.0       ,           ,0.0       ,0.0       ,68.774002 ,68.774002 
1337616600,70.700005 ,69.062012 ,50.0      ,48.0       ,0.0       ,          ,0.0       ,           ,0.0       ,0.0       ,69.062012 ,69.062012 
1337616900,70.790009 ,69.080009 ,50.0      ,48.0       ,0.4       ,349.0     ,1.0       ,0.0        ,0.0       ,0.0       ,69.080009 ,69.080009 
1337617200,70.718002 ,69.224007 ,50.0      ,48.5       ,0.2       ,288.0     ,1.0       ,0.0        ,0.0       ,0.0       ,69.224007 ,69.224007 
1337617500,70.700005 ,69.260002 ,50.0      ,49.0       ,0.0       ,          ,0.0       ,           ,0.0       ,0.0       ,69.260002 ,69.260002 
1337617800,70.700005 ,69.260002 ,50.700001 ,49.299999  ,0.0       ,          ,0.0       ,           ,0.0       ,0.0       ,69.260002 ,69.260002 
1337618100,70.700005 ,69.314003 ,51.0      ,51.0       ,0.0       ,          ,0.0       ,           ,0.0       ,0.0       ,69.314003 ,69.314003 
1337618400,70.700005 ,69.709991 ,51.0      ,51.0       ,0.0       ,          ,0.0       ,           ,0.0       ,0.0       ,69.709991 ,69.709991 
1337618700,70.700005 ,70.052017 ,51.0      ,50.099998  ,0.0       ,          ,0.0       ,           ,0.0       ,0.0       ,70.052017 ,70.052017 
1337619000,70.700005 ,70.160011 ,51.0      ,50.0       ,0.0       ,          ,0.0       ,           ,0.0       ,0.0       ,70.160011 ,70.160011 
1337619300,70.700005 ,70.358002 ,51.0      ,50.0       ,0.0       ,          ,0.0       ,           ,0.0       ,0.0       ,70.358002 ,70.358002 
1337619600,70.700005 ,70.879997 ,51.0      ,49.299999  ,0.4       ,237.0     ,2.0       ,0.0        ,0.0       ,0.0       ,70.879997 ,70.879997 
1337619900,70.700005 ,71.167992 ,51.0      ,49.700001  ,0.2       ,42.0      ,1.0       ,23.0       ,0.0       ,0.0       ,71.167992 ,71.167992 
1337620200,70.700005 ,71.455994 ,51.0      ,49.0       ,0.4       ,234.0     ,1.0       ,225.0      ,0.0       ,0.0       ,71.455994 ,71.455994 
1337620500,70.700005 ,71.599991 ,51.0      ,49.0       ,0.2       ,38.0      ,1.0       ,0.0        ,0.0       ,0.0       ,71.599991 ,71.599991 
1337620800,70.700005 ,71.617996 ,51.0      ,49.0       ,0.0       ,          ,0.0       ,           ,0.0       ,0.0       ,71.617996 ,71.617996 
1337621100,70.700005 ,71.725998 ,51.0      ,49.0       ,0.0       ,          ,0.0       ,           ,0.0       ,0.0       ,71.725998 ,71.725998 
1337621400,70.700005 ,71.834    ,51.0      ,49.0       ,0.0       ,          ,0.0       ,           ,0.0       ,0.0       ,71.834    ,71.834    
1337621700,70.700005 ,72.302002 ,51.0      ,49.0       ,0.0       ,          ,0.0       ,           ,0.0       ,0.0       ,72.302002 ,72.302002 
1337622000,70.700005 ,72.535995 ,51.0      ,49.900002  ,0.0       ,          ,0.0       ,           ,0.0       ,0.0       ,72.535995 ,72.535995 
1337622300,70.700005 ,72.68     ,51.0      ,49.700001  ,0.0       ,          ,0.0       ,           ,0.0       ,0.0       ,72.68     ,72.68     
1337622600,70.700005 ,72.82399  ,51.099998 ,50.0       ,0.0       ,          ,0.0       ,           ,0.0       ,0.0       ,72.82399  ,72.82399  
1337622900,70.700005 ,73.057999 ,52.0      ,50.0       ,0.2       ,298.0     ,1.0       ,0.0        ,0.0       ,0.0       ,73.057999 ,73.057999 
1337623200,70.700005 ,73.219994 ,51.700001 ,50.0       ,0.0       ,          ,0.0       ,           ,0.0       ,0.0       ,73.219994 ,73.219994 
1337623500,70.700005 ,73.400009 ,51.700001 ,50.0       ,0.0       ,          ,0.0       ,           ,0.0       ,0.0       ,73.400009 ,73.400009 
1337623800,70.826004 ,73.544006 ,51.900002 ,50.200001  ,0.0       ,          ,0.0       ,           ,0.0       ,0.0       ,73.544006 ,73.544006 
1337624100,70.880005 ,73.904007 ,51.700001 ,51.0       ,0.8       ,204.0     ,2.0       ,225.0      ,0.0       ,0.0       ,73.904007 ,73.904007 
1337624400,70.880005 ,74.371994 ,52.0      ,50.200001  ,0.2       ,54.0      ,1.0       ,225.0      ,0.0       ,0.0       ,74.371994 ,74.371994 
1337624700,70.880005 ,74.408005 ,51.200001 ,50.299999  ,0.3       ,99.0      ,1.0       ,90.0       ,0.0       ,0.0       ,74.408005 ,74.408005 
1337625000,70.880005 ,74.299995 ,51.599998 ,50.400002  ,0.2       ,225.0     ,1.0       ,135.0      ,0.0       ,0.0       ,74.299995 ,74.299995 
1337625300,70.880005 ,74.192001 ,52.0      ,50.0       ,0.0       ,          ,0.0       ,           ,0.0       ,0.0       ,74.192001 ,74.192001 
1337625600,70.880005 ,74.084    ,51.900002 ,50.5       ,0.1       ,297.0     ,1.0       ,338.0      ,0.0       ,0.0       ,74.084    ,74.084    
1337625900,70.880005 ,73.940002 ,51.5      ,51.0       ,0.0       ,          ,0.0       ,           ,0.0       ,0.0       ,73.940002 ,73.940002 
1337626200,70.880005 ,73.940002 ,52.0      ,51.0       ,0.6       ,54.0      ,1.0       ,45.0       ,0.0       ,0.0       ,73.940002 ,73.940002 
1337626500,70.880005 ,73.940002 ,52.0      ,51.0       ,0.2       ,59.0      ,1.0       ,45.0       ,0.0       ,0.0       ,73.940002 ,73.940002 
1337626800,70.880005 ,73.940002 ,52.0      ,51.0       ,0.0       ,          ,0.0       ,           ,0.0       ,0.0       ,73.940002 ,73.940002 
1337627100,70.880005 ,73.940002 ,51.700001 ,51.200001  ,0.2       ,54.0      ,1.0       ,45.0       ,0.0       ,0.0       ,73.940002 ,73.940002 
1337627400,70.880005 ,73.940002 ,51.400002 ,52.0       ,0.2       ,10.0      ,1.0       ,0.0        ,0.0       ,0.0       ,73.940002 ,73.940002 
1337627700,70.898003 ,73.778008 ,51.0      ,52.0       ,0.1       ,81.0      ,1.0       ,90.0       ,0.0       ,0.0       ,73.778008 ,73.778008 
1337628000,70.898003 ,73.580009 ,51.0      ,52.099998  ,0.0       ,          ,0.0       ,           ,0.0       ,0.0       ,73.580009 ,73.580009 
1337628300,70.934006 ,73.45401  ,51.0      ,53.0       ,0.0       ,          ,0.0       ,           ,0.0       ,0.0       ,73.45401  ,73.45401  
1337628600,71.024002 ,73.291992 ,51.0      ,53.0       ,0.0       ,          ,0.0       ,           ,0.0       ,0.0       ,73.291992 ,73.291992 
1337628900,71.059998 ,73.022003 ,51.0      ,53.599998  ,0.0       ,          ,0.0       ,           ,0.0       ,0.0       ,73.022003 ,73.022003 
1337629200,71.005997 ,72.82399  ,51.0      ,54.0       ,0.0       ,          ,0.0       ,           ,0.0       ,0.0       ,72.82399  ,72.82399  
1337629500,70.970001 ,72.590004 ,51.0      ,54.099998  ,0.0       ,          ,0.0       ,           ,0.0       ,0.0       ,72.590004 ,72.590004 
1337629800,71.024002 ,72.356003 ,51.700001 ,56.599998  ,0.0       ,          ,0.0       ,           ,0.0       ,0.0       ,72.356003 ,72.356003 
1337630100,71.059998 ,71.959999 ,52.0      ,58.0       ,0.0       ,          ,0.0       ,           ,0.0       ,0.0       ,71.959999 ,71.959999 
1337630400,71.059998 ,71.491989 ,52.0      ,58.599998  ,0.0       ,          ,0.0       ,           ,0.0       ,0.0       ,71.491989 ,71.491989 
1337630700,71.059998 ,71.257996 ,52.0      ,59.0       ,0.0       ,          ,0.0       ,           ,0.0       ,0.0       ,71.257996 ,71.257996 
1337631000,71.059998 ,71.077995 ,52.0      ,60.400002  ,0.0       ,          ,0.0       ,           ,0.0       ,0.0       ,71.077995 ,71.077995 
1337631300,71.059998 ,71.059998 ,52.0      ,61.799999  ,0.0       ,          ,0.0       ,           ,0.0       ,0.0       ,71.059998 ,71.059998 
1337631600,71.059998 ,71.131996 ,52.0      ,62.0       ,0.0       ,          ,0.0       ,           ,0.0       ,0.0       ,71.131996 ,71.131996 
1337631900,71.059998 ,71.239998 ,52.0      ,62.0       ,0.0       ,          ,0.0       ,           ,0.0       ,0.0       ,71.239998 ,71.239998 
1337632200,71.059998 ,71.293991 ,52.0      ,62.0       ,0.0       ,          ,0.0       ,           ,0.0       ,0.0       ,71.293991 ,71.293991 
1337632500,71.059998 ,71.455986 ,52.0      ,62.0       ,0.0       ,          ,0.0       ,           ,0.0       ,0.0       ,71.455986 ,71.455986 
1337632800,71.059998 ,71.599991 ,52.0      ,61.5       ,0.2       ,90.0      ,1.0       ,90.0       ,0.0       ,0.0       ,71.599991 ,71.599991 
1337633100,71.059998 ,71.816002 ,52.0      ,61.0       ,0.0       ,          ,0.0       ,           ,0.0       ,0.0       ,71.816002 ,71.816002 
1337633400,71.059998 ,72.031998 ,52.0      ,61.400002  ,0.0       ,          ,0.0       ,           ,0.0       ,0.0       ,72.031998 ,72.031998 
1337633700,71.059998 ,72.086014 ,52.0      ,62.0       ,0.0       ,          ,0.0       ,           ,0.0       ,0.0       ,72.086014 ,72.086014 
1337634000,71.059998 ,71.960007 ,52.0      ,62.0       ,0.0       ,          ,0.0       ,           ,0.0       ,0.0       ,71.960007 ,71.960007 
1337634300,71.024002 ,71.960007 ,52.0      ,62.0       ,0.0       ,          ,0.0       ,           ,0.0       ,0.0       ,71.960007 ,71.960007 
1337634600,71.059998 ,71.960007 ,52.5      ,61.5       ,0.0       ,          ,0.0       ,           ,0.0       ,0.0       ,71.960007 ,71.960007 
1337634900,71.059998 ,72.086014 ,53.0      ,61.0       ,0.0       ,          ,0.0       ,           ,0.0       ,0.0       ,72.086014 ,72.086014 
1337635200,71.059998 ,71.960007 ,53.0      ,61.0       ,0.0       ,          ,0.0       ,           ,0.0       ,0.0       ,71.960007 ,71.960007 
1337635500,71.059998 ,71.960007 ,53.0      ,61.0       ,0.0       ,          ,0.0       ,           ,0.0       ,0.0       ,71.960007 ,71.960007 
1337635800,71.059998 ,71.780006 ,53.700001 ,61.0       ,0.0       ,          ,0.0       ,           ,0.0       ,0.0       ,71.780006 ,71.780006 
1337636100,71.059998 ,71.780006 ,53.299999 ,61.200001  ,0.0       ,          ,0.0       ,           ,0.0       ,0.0       ,71.780006 ,71.780006 
1337636400,71.059998 ,71.689995 ,53.0      ,62.0       ,0.0       ,          ,0.0       ,           ,0.0       ,0.0       ,71.689995 ,71.689995 
1337636700,71.059998 ,71.599991 ,52.299999 ,62.0       ,0.0       ,          ,0.0       ,           ,0.0       ,0.0       ,71.599991 ,71.599991 
1337637000,71.077995 ,71.473984 ,52.0      ,62.0       ,0.0       ,          ,0.0       ,           ,0.0       ,0.0       ,71.473984 ,71.473984 
1337637300,71.239998 ,71.419991 ,52.0      ,62.0       ,0.0       ,          ,0.0       ,           ,0.0       ,0.0       ,71.419991 ,71.419991 
1337637600,71.239998 ,71.419991 ,52.0      ,62.0       ,0.0       ,          ,0.0       ,           ,0.0       ,0.0       ,71.419991 ,71.419991 
1337637900,71.239998 ,71.257996 ,52.0      ,62.200001  ,0.0       ,          ,0.0       ,           ,0.0       ,0.0       ,71.257996 ,71.257996 
1337638200,71.239998 ,71.239998 ,52.0      ,63.0       ,0.0       ,          ,0.0       ,           ,0.0       ,0.0       ,71.239998 ,71.239998 
1337638500,71.239998 ,71.167992 ,52.0      ,63.0       ,0.0       ,          ,0.0       ,           ,0.0       ,0.0       ,71.167992 ,71.167992 
1337638800,71.239998 ,71.059998 ,52.0      ,63.0       ,0.0       ,          ,0.0       ,           ,0.0       ,0.0       ,71.059998 ,71.059998 
1337639100,71.239998 ,71.0      ,52.0      ,63.0       ,0.0       ,          ,0.0       ,           ,0.0       ,0.0       ,71.0      ,71.0      
1337639400,71.239998 ,70.880005 ,52.900002 ,63.0       ,0.0       ,          ,0.0       ,           ,0.0       ,0.0       ,70.880005 ,70.880005 
1337639700,71.239998 ,70.718002 ,53.0      ,63.5       ,0.0       ,          ,0.0       ,           ,0.0       ,0.0       ,70.718002 ,70.718002 
1337640000,71.239998 ,70.700005 ,53.0      ,64.0       ,0.0       ,          ,0.0       ,           ,0.0       ,0.0       ,70.700005 ,70.700005 
1337640300,71.239998 ,70.556    ,53.0      ,64.0       ,0.0       ,          ,0.0       ,           ,0.0       ,0.0       ,70.556    ,70.556    
1337640600,71.239998 ,70.447983 ,53.0      ,64.400002  ,0.0       ,          ,0.0       ,           ,0.0       ,0.0       ,70.447983 ,70.447983 
1337640900,71.239998 ,70.339989 ,53.0      ,65.0       ,0.0       ,          ,0.0       ,           ,0.0       ,0.0       ,70.339989 ,70.339989 
1337641200,71.239998 ,70.23201  ,53.0      ,65.0       ,0.0       ,          ,0.0       ,           ,0.0       ,0.0       ,70.23201  ,70.23201  
1337641500,71.239998 ,70.160011 ,53.0      ,64.599998  ,0.0       ,          ,0.0       ,           ,0.0       ,0.0       ,70.160011 ,70.160011 
1337641800,71.239998 ,70.07     ,53.0      ,65.0       ,0.0       ,          ,0.0       ,           ,0.0       ,0.0       ,70.07     ,70.07     
1337642100,71.239998 ,69.979996 ,53.0      ,65.0       ,0.0       ,          ,0.0       ,           ,0.0       ,0.0       ,69.979996 ,69.979996 
1337642400,71.239998 ,69.908005 ,53.0      ,65.0       ,0.0       ,          ,0.0       ,           ,0.0       ,0.0       ,69.908005 ,69.908005 
1337642700,71.239998 ,69.799995 ,53.0      ,66.0       ,0.0       ,          ,0.0       ,           ,0.0       ,0.0       ,69.799995 ,69.799995 
1337643000,71.239998 ,69.799995 ,53.099998 ,66.599998  ,0.0       ,          ,0.0       ,           ,0.0       ,0.0       ,69.799995 ,69.799995 
1337643300,71.275993 ,69.601997 ,54.099998 ,67.900002  ,0.1       ,54.0      ,1.0       ,45.0       ,0.0       ,0.0       ,69.601997 ,69.601997 
1337643600,71.36599  ,69.422005 ,54.599998 ,68.099998  ,0.0       ,          ,0.0       ,           ,0.0       ,0.0       ,69.422005 ,69.422005 
1337643900,71.419991 ,69.242004 ,54.099998 ,69.0       ,0.0       ,          ,0.0       ,           ,0.0       ,0.0       ,69.242004 ,69.242004 
1337644200,71.581993 ,69.080009 ,54.0      ,69.0       ,0.0       ,          ,0.0       ,           ,0.0       ,0.0       ,69.080009 ,69.080009 
1337644500,71.599991 ,68.972    ,54.0      ,69.0       ,0.0       ,          ,0.0       ,           ,0.0       ,0.0       ,68.972    ,68.972    
1337644800,71.599991 ,68.791992 ,54.0      ,69.0       ,0.0       ,          ,0.0       ,           ,0.0       ,0.0       ,68.791992 ,68.791992 
1337645100,71.599991 ,68.719994 ,54.0      ,69.0       ,0.0       ,          ,0.0       ,           ,0.0       ,0.0       ,68.719994 ,68.719994 
1337645400,71.599991 ,68.629997 ,54.0      ,69.0       ,0.0       ,          ,0.0       ,           ,0.0       ,0.0       ,68.629997 ,68.629997 
1337645700,71.762001 ,68.539993 ,54.0      ,69.0       ,0.0       ,          ,0.0       ,           ,0.0       ,0.0       ,68.539993 ,68.539993 
1337646000,71.780006 ,68.413986 ,54.0      ,69.699997  ,0.0       ,          ,0.0       ,           ,0.0       ,0.0       ,68.413986 ,68.413986 
1337646300,71.780006 ,68.359993 ,54.0      ,70.0       ,0.0       ,          ,0.0       ,           ,0.0       ,0.0       ,68.359993 ,68.359993 
1337646600,71.780006 ,68.197998 ,54.0      ,70.0       ,0.0       ,          ,0.0       ,           ,0.0       ,0.0       ,68.197998 ,68.197998 
1337646900,71.780006 ,68.143997 ,54.0      ,69.5       ,0.2       ,154.0     ,1.0       ,135.0      ,0.0       ,0.0       ,68.143997 ,68.143997 
1337647200,71.780006 ,68.0      ,54.0      ,69.0       ,0.0       ,          ,0.0       ,           ,0.0       ,0.0       ,68.0      ,68.0      
1337647500,71.780006 ,67.928001 ,54.0      ,69.400002  ,0.0       ,          ,0.0       ,           ,0.0       ,0.0       ,67.928001 ,67.928001 
1337647800,71.780006 ,67.82     ,54.0      ,69.300003  ,0.0       ,          ,0.0       ,           ,0.0       ,0.0       ,67.82     ,67.82     
1337648100,71.780006 ,67.766006 ,54.0      ,69.0       ,0.2       ,145.0     ,1.0       ,135.0      ,0.0       ,0.0       ,67.766006 ,67.766006 
1337648400,71.780006 ,67.640007 ,54.200001 ,69.0       ,0.2       ,109.0     ,1.0       ,90.0       ,0.0       ,0.0       ,67.640007 ,67.640007 
1337648700,71.780006 ,67.640007 ,54.900002 ,69.400002  ,0.2       ,158.0     ,1.0       ,90.0       ,0.0       ,0.0       ,67.640007 ,67.640007 
1337649000,71.780006 ,67.550003 ,54.799999 ,69.099998  ,0.0       ,          ,0.0       ,           ,0.0       ,0.0       ,67.550003 ,67.550003 
1337649300,71.780006 ,67.460007 ,54.900002 ,70.0       ,0.1       ,78.0      ,1.0       ,180.0      ,0.0       ,0.0       ,67.460007 ,67.460007 
1337649600,71.780006 ,67.460007 ,54.700001 ,69.0       ,0.0       ,          ,0.0       ,           ,0.0       ,0.0       ,67.460007 ,67.460007 
1337649900,71.780006 ,67.406006 ,55.0      ,69.699997  ,0.0       ,          ,0.0       ,           ,0.0       ,0.0       ,67.406006 ,67.406006 
1337650200,71.780006 ,67.280006 ,54.299999 ,69.0       ,0.0       ,          ,0.0       ,           ,0.0       ,0.0       ,67.280006 ,67.280006 
1337650500,71.780006 ,67.280006 ,54.900002 ,69.699997  ,0.2       ,165.0     ,1.0       ,203.0      ,0.0       ,0.0       ,67.280006 ,67.280006 
1337650800,71.780006 ,67.262001 ,55.0      ,69.800003  ,0.0       ,          ,0.0       ,           ,0.0       ,0.0       ,67.262001 ,67.262001 
1337651100,71.780006 ,67.099991 ,55.0      ,70.0       ,0.0       ,          ,0.0       ,           ,0.0       ,0.0       ,67.099991 ,67.099991 
1337651400,71.816002 ,67.099991 ,55.0      ,70.0       ,0.0       ,          ,0.0       ,           ,0.0       ,0.0       ,67.099991 ,67.099991 
1337651700,71.780006 ,67.099991 ,55.0      ,70.0       ,0.2       ,223.0     ,1.0       ,90.0       ,0.0       ,0.0       ,67.099991 ,67.099991 
1337652000,71.780006 ,66.937988 ,55.0      ,70.0       ,0.0       ,          ,0.0       ,           ,0.0       ,0.0       ,66.937988 ,66.937988 
1337652300,71.780006 ,66.919991 ,55.0      ,70.0       ,0.0       ,          ,0.0       ,           ,0.0       ,0.0       ,66.919991 ,66.919991 
1337652600,71.780006 ,66.919991 ,55.0      ,70.0       ,0.0       ,          ,0.0       ,           ,0.0       ,0.0       ,66.919991 ,66.919991 
1337652900,71.780006 ,66.919991 ,55.0      ,70.0       ,0.0       ,          ,0.0       ,           ,0.0       ,0.0       ,66.919991 ,66.919991 
1337653200,71.780006 ,66.739998 ,55.0      ,70.0       ,0.0       ,          ,0.0       ,           ,0.0       ,0.0       ,66.739998 ,66.739998 
1337653500,71.780006 ,66.739998 ,55.0      ,70.0       ,0.0       ,          ,0.0       ,           ,0.0       ,0.0       ,66.739998 ,66.739998 
1337653800,71.780006 ,66.739998 ,55.0      ,70.0       ,0.0       ,          ,0.0       ,           ,0.0       ,0.0       ,66.739998 ,66.739998 
1337654100,71.780006 ,66.739998 ,55.0      ,70.0       ,0.0       ,          ,0.0       ,           ,0.0       ,0.0       ,66.739998 ,66.739998 
1337654400,71.780006 ,66.595993 ,55.0      ,70.0       ,0.0       ,          ,0.0       ,           ,0.0       ,0.0       ,66.595993 ,66.595993 
1337654700,71.780006 ,66.559998 ,55.0      ,70.0       ,0.0       ,          ,0.0       ,           ,0.0       ,0.0       ,66.559998 ,66.559998 
1337655000,71.780006 ,66.559998 ,55.0      ,70.0       ,0.0       ,          ,0.0       ,           ,0.0       ,0.0       ,66.559998 ,66.559998 
1337655300,71.780006 ,66.559998 ,55.0      ,70.0       ,0.0       ,          ,0.0       ,           ,0.0       ,0.0       ,66.559998 ,66.559998 
1337655600,71.780006 ,66.398003 ,55.0      ,70.0       ,0.0       ,          ,0.0       ,           ,0.0       ,0.0       ,66.398003 ,66.398003 
1337655900,71.780006 ,66.380005 ,55.0      ,70.0       ,0.0       ,          ,0.0       ,           ,0.0       ,0.0       ,66.380005 ,66.380005 
1337656200,71.780006 ,66.380005 ,55.0      ,70.099998  ,0.0       ,          ,0.0       ,           ,0.0       ,0.0       ,66.380005 ,66.380005 
1337656500,71.780006 ,66.380005 ,55.0      ,70.699997  ,0.0       ,          ,0.0       ,           ,0.0       ,0.0       ,66.380005 ,66.380005 
1337656800,71.780006 ,66.254013 ,55.0      ,71.0       ,0.0       ,          ,0.0       ,           ,0.0       ,0.0       ,66.254013 ,66.254013 
1337657100,71.780006 ,66.200005 ,55.0      ,71.0       ,0.0       ,          ,0.0       ,           ,0.0       ,0.0       ,66.200005 ,66.200005 
1337657400,71.780006 ,66.200005 ,55.0      ,71.0       ,0.0       ,          ,0.0       ,           ,0.0       ,0.0       ,66.200005 ,66.200005 
1337657700,71.780006 ,66.200005 ,55.0      ,71.0       ,0.0       ,          ,0.0       ,           ,0.0       ,0.0       ,66.200005 ,66.200005 
1337658000,71.780006 ,66.200005 ,55.0      ,71.0       ,0.0       ,          ,0.0       ,           ,0.0       ,0.0       ,66.200005 ,66.200005 
1337658300,71.780006 ,66.073997 ,55.0      ,71.0       ,0.0       ,          ,0.0       ,           ,0.0       ,0.0       ,66.073997 ,66.073997 
1337658600,71.780006 ,66.020004 ,55.0      ,71.0       ,0.0       ,          ,0.0       ,           ,0.0       ,0.0       ,66.020004 ,66.020004 
1337658900,71.780006 ,66.020004 ,55.0      ,71.0       ,0.0       ,          ,0.0       ,           ,0.0       ,0.0       ,66.020004 ,66.020004 
1337659200,71.780006 ,66.020004 ,55.0      ,71.0       ,0.0       ,          ,0.0       ,           ,0.0       ,0.0       ,66.020004 ,66.020004 
1337659500,71.780006 ,65.875992 ,55.0      ,71.0       ,0.0       ,          ,0.0       ,           ,0.0       ,0.0       ,65.875992 ,65.875992 
1337659800,71.780006 ,65.839989 ,55.0      ,71.0       ,0.0       ,          ,0.0       ,           ,0.0       ,0.0       ,65.839989 ,65.839989 
1337660100,71.780006 ,65.839989 ,55.0      ,71.0       ,0.0       ,          ,0.0       ,           ,0.0       ,0.0       ,65.839989 ,65.839989 
1337660400,71.780006 ,65.839989 ,55.0      ,71.699997  ,0.0       ,          ,0.0       ,           ,0.0       ,0.0       ,65.839989 ,65.839989 
1337660700,71.780006 ,65.768005 ,55.0      ,72.0       ,0.0       ,          ,0.0       ,           ,0.0       ,0.0       ,65.768005 ,65.768005 
1337661000,71.689995 ,65.660011 ,55.200001 ,72.0       ,0.0       ,          ,0.0       ,           ,0.0       ,0.0       ,65.660011 ,65.660011 
1337661300,71.599991 ,65.660011 ,55.200001 ,72.0       ,0.0       ,          ,0.0       ,           ,0.0       ,0.0       ,65.660011 ,65.660011 
1337661600,71.599991 ,65.660011 ,55.200001 ,72.0       ,0.0       ,          ,0.0       ,           ,0.0       ,0.0       ,65.660011 ,65.660011 
1337661900,71.599991 ,65.660011 ,55.299999 ,72.0       ,0.0       ,          ,0.0       ,           ,0.0       ,0.0       ,65.660011 ,65.660011 
1337662200,71.599991 ,65.660011 ,55.900002 ,72.0       ,0.0       ,          ,0.0       ,           ,0.0       ,0.0       ,65.660011 ,65.660011 
1337662500,71.599991 ,65.660011 ,55.900002 ,72.0       ,0.0       ,          ,0.0       ,           ,0.0       ,0.0       ,65.660011 ,65.660011 
1337662800,71.599991 ,65.624001 ,56.0      ,72.0       ,0.0       ,          ,0.0       ,           ,0.0       ,0.0       ,65.624001 ,65.624001 
1337663100,71.599991 ,65.479996 ,56.0      ,72.0       ,0.0       ,          ,0.0       ,           ,0.0       ,0.0       ,65.479996 ,65.479996 
1337663400,71.599991 ,65.479996 ,56.0      ,72.0       ,0.0       ,          ,0.0       ,           ,0.0       ,0.0       ,65.479996 ,65.479996 
1337663700,71.599991 ,65.479996 ,55.799999 ,72.0       ,0.0       ,          ,0.0       ,           ,0.0       ,0.0       ,65.479996 ,65.479996 
1337664000,71.599991 ,65.479996 ,56.0      ,72.0       ,0.0       ,          ,0.0       ,           ,0.0       ,0.0       ,65.479996 ,65.479996 
1337664300,71.599991 ,65.317993 ,56.0      ,72.0       ,0.0       ,          ,0.0       ,           ,0.0       ,0.0       ,65.317993 ,65.317993 
1337664600,71.599991 ,65.299995 ,56.0      ,72.0       ,0.0       ,          ,0.0       ,           ,0.0       ,0.0       ,65.299995 ,65.299995 
1337664900,71.599991 ,65.299995 ,56.0      ,72.0       ,0.0       ,          ,0.0       ,           ,0.0       ,0.0       ,65.299995 ,65.299995 
1337665200,71.599991 ,65.299995 ,56.0      ,72.0       ,0.0       ,          ,0.0       ,           ,0.0       ,0.0       ,65.299995 ,65.299995 
1337665500,71.599991 ,65.299995 ,56.0      ,72.0       ,0.0       ,          ,0.0       ,           ,0.0       ,0.0       ,65.299995 ,65.299995 
1337665800,71.599991 ,65.299995 ,56.0      ,72.0       ,0.0       ,          ,0.0       ,           ,0.0       ,0.0       ,65.299995 ,65.299995 
1337666100,71.599991 ,65.299995 ,56.0      ,72.0       ,0.0       ,          ,0.0       ,           ,0.0       ,0.0       ,65.299995 ,65.299995 
1337666400,71.599991 ,65.299995 ,56.0      ,72.0       ,0.0       ,          ,0.0       ,           ,0.0       ,0.040001  ,65.299995 ,65.299995 
1337666700,71.563995 ,65.209999 ,56.0      ,72.800003  ,0.0       ,          ,0.0       ,           ,0.0       ,0.0       ,65.209999 ,65.209999 
1337667000,71.437988 ,65.119995 ,56.0      ,73.699997  ,0.0       ,          ,0.0       ,           ,0.0       ,0.0       ,65.119995 ,65.119995 
1337667300,71.419991 ,65.065994 ,56.0      ,74.0       ,0.0       ,          ,0.0       ,           ,0.0       ,0.0       ,65.065994 ,65.065994 
1337667600,71.419991 ,64.886002 ,56.0      ,74.300003  ,0.0       ,          ,0.0       ,           ,0.0       ,0.0       ,64.886002 ,64.886002 
1337667900,71.419991 ,64.760002 ,56.0      ,75.0       ,0.0       ,          ,0.0       ,           ,0.0       ,0.0       ,64.760002 ,64.760002 
1337668200,71.419991 ,64.760002 ,56.0      ,75.0       ,0.0       ,          ,0.0       ,           ,0.0       ,0.0       ,64.760002 ,64.760002 
1337668500,71.419991 ,64.760002 ,56.0      ,75.0       ,0.0       ,          ,0.0       ,           ,0.0       ,0.0       ,64.760002 ,64.760002 
1337668800,71.419991 ,64.724007 ,56.0      ,75.0       ,0.0       ,          ,0.0       ,           ,0.0       ,0.0       ,64.724007 ,64.724007 
1337669100,71.419991 ,64.580009 ,56.0      ,75.0       ,0.0       ,          ,0.0       ,           ,0.0       ,0.0       ,64.580009 ,64.580009 
1337669400,71.419991 ,64.580009 ,56.0      ,75.0       ,0.0       ,          ,0.0       ,           ,0.0       ,0.0       ,64.580009 ,64.580009 
1337669700,71.419991 ,64.580009 ,56.0      ,75.0       ,0.0       ,          ,0.0       ,           ,0.0       ,0.0       ,64.580009 ,64.580009 
1337670000,71.419991 ,64.580009 ,56.0      ,75.0       ,0.0       ,          ,0.0       ,           ,0.0       ,0.0       ,64.580009 ,64.580009 
1337670300,71.419991 ,64.580009 ,56.0      ,75.800003  ,0.0       ,          ,0.0       ,           ,0.0       ,0.0       ,64.580009 ,64.580009 
1337670600,71.419991 ,64.580009 ,56.0      ,76.0       ,0.0       ,          ,0.0       ,           ,0.0       ,0.0       ,64.580009 ,64.580009 
1337670900,71.419991 ,64.580009 ,56.0      ,76.0       ,0.0       ,          ,0.0       ,           ,0.0       ,0.0       ,64.580009 ,64.580009 
1337671200,71.419991 ,64.580009 ,56.0      ,76.0       ,0.0       ,          ,0.0       ,           ,0.0       ,0.0       ,64.580009 ,64.580009 
1337671500,71.419991 ,64.580009 ,56.0      ,76.0       ,0.0       ,          ,0.0       ,           ,0.0       ,0.0       ,64.580009 ,64.580009 
1337671800,71.293991 ,64.580009 ,56.0      ,76.0       ,0.0       ,          ,0.0       ,           ,0.0       ,0.0       ,64.580009 ,64.580009 
1337672100,71.239998 ,64.508011 ,56.0      ,76.0       ,0.0       ,          ,0.0       ,           ,0.0       ,0.0       ,64.508011 ,64.508011 
1337672400,71.239998 ,64.526016 ,56.0      ,76.0       ,0.0       ,          ,0.0       ,           ,0.0       ,0.0       ,64.526016 ,64.526016 
1337672700,71.239998 ,64.580009 ,56.0      ,76.300003  ,0.0       ,          ,0.0       ,           ,0.0       ,0.0       ,64.580009 ,64.580009 
1337673000,71.239998 ,64.472    ,56.0      ,77.0       ,0.0       ,          ,0.0       ,           ,0.0       ,0.0       ,64.472    ,64.472    
1337673300,71.293991 ,64.436005 ,56.0      ,77.0       ,0.0       ,          ,0.0       ,           ,0.0       ,0.0       ,64.436005 ,64.436005 
1337673600,71.239998 ,64.400009 ,56.200001 ,77.0       ,0.0       ,          ,0.0       ,           ,0.0       ,0.0       ,64.400009 ,64.400009 
1337673900,71.239998 ,64.400009 ,56.0      ,77.099998  ,0.0       ,          ,0.0       ,           ,0.0       ,0.0       ,64.400009 ,64.400009 
1337674200,71.239998 ,64.400009 ,56.0      ,78.0       ,0.0       ,          ,0.0       ,           ,0.03      ,0.039993  ,64.400009 ,64.400009 
1337674500,71.401993 ,64.274002 ,56.299999 ,78.699997  ,0.0       ,          ,0.0       ,           ,0.03      ,0.0       ,64.274002 ,64.274002 
1337674800,71.419991 ,64.219994 ,57.0      ,79.0       ,0.0       ,          ,0.0       ,           ,0.03      ,0.0       ,64.219994 ,64.219994 
1337675100,71.419991 ,64.147995 ,57.0      ,79.0       ,0.0       ,          ,0.0       ,           ,0.03      ,0.0       ,64.147995 ,64.147995 
1337675400,71.419991 ,64.039993 ,57.0      ,79.099998  ,0.0       ,          ,0.0       ,           ,0.03      ,0.0       ,64.039993 ,64.039993 
1337675700,71.419991 ,63.895996 ,57.0      ,80.0       ,0.0       ,          ,0.0       ,           ,0.03      ,0.0       ,63.895996 ,63.895996 
1337676000,71.419991 ,63.859993 ,57.0      ,80.0       ,0.0       ,          ,0.0       ,           ,0.03      ,0.0       ,63.859993 ,63.859993 
1337676300,71.419991 ,63.859993 ,57.0      ,80.0       ,0.0       ,          ,0.0       ,           ,0.03      ,0.0       ,63.859993 ,63.859993 
1337676600,71.419991 ,63.859993 ,57.0      ,80.0       ,0.0       ,          ,0.0       ,           ,0.03      ,0.0       ,63.859993 ,63.859993 
1337676900,71.419991 ,63.859993 ,57.0      ,80.0       ,0.0       ,          ,0.0       ,           ,0.03      ,0.0       ,63.859993 ,63.859993 
1337677200,71.419991 ,63.859993 ,57.0      ,80.800003  ,0.0       ,          ,0.0       ,           ,0.03      ,0.0       ,63.859993 ,63.859993 
1337677500,71.419991 ,63.859993 ,57.0      ,81.0       ,0.0       ,          ,0.0       ,           ,0.03      ,0.0       ,63.859993 ,63.859993 
1337677800,71.419991 ,63.68     ,57.0      ,81.0       ,0.0       ,          ,0.0       ,           ,0.03      ,0.0       ,63.68     ,63.68     
