1340702400,71.239998 ,54.32     ,46.0      ,91.0       ,0.0       ,          ,0.0       ,           ,0.0       ,0.0       ,54.32     ,54.32     
1340702700,71.113998 ,54.32     ,46.0      ,91.199997  ,0.4       ,352.0     ,2.0       ,0.0        ,0.0       ,0.0       ,54.32     ,54.32     
1340703000,71.059998 ,54.355999 ,46.0      ,92.0       ,0.0       ,          ,0.0       ,           ,0.0       ,0.0       ,54.355999 ,54.355999 
1340703300,71.059998 ,54.32     ,46.0      ,92.0       ,0.0       ,          ,0.0       ,           ,0.0       ,0.0       ,54.32     ,54.32     
1340703600,71.059998 ,54.5      ,46.0      ,92.0       ,0.0       ,          ,0.0       ,           ,0.0       ,0.0       ,54.5      ,54.5      
1340703900,71.042    ,54.517998 ,46.0      ,92.0       ,0.0       ,3.0       ,1.0       ,23.0       ,0.0       ,0.0       ,54.517998 ,54.517998 
1340704200,70.880005 ,54.68     ,46.0      ,92.0       ,0.0       ,          ,0.0       ,           ,0.0       ,0.0       ,54.68     ,54.68     
1340704500,70.970001 ,54.805992 ,46.0      ,92.0       ,0.0       ,          ,0.0       ,           ,0.0       ,0.0       ,54.805992 ,54.805992 
1340704800,71.059998 ,54.751995 ,46.0      ,91.400002  ,0.0       ,          ,0.0       ,           ,0.0       ,0.0       ,54.751995 ,54.751995 
1340705100,71.059998 ,54.841999 ,46.0      ,91.0       ,0.0       ,          ,0.0       ,           ,0.0       ,0.0       ,54.841999 ,54.841999 
1340705400,71.059998 ,55.076    ,46.0      ,91.400002  ,0.2       ,3.0       ,1.0       ,0.0        ,0.0       ,0.0       ,55.076    ,55.076    
1340705700,70.916    ,55.040001 ,46.0      ,91.400002  ,0.0       ,356.0     ,2.0       ,23.0       ,0.0       ,0.0       ,55.040001 ,55.040001 
1340706000,70.880005 ,55.040001 ,46.0      ,91.400002  ,0.2       ,354.0     ,1.0       ,338.0      ,0.0       ,0.0       ,55.040001 ,55.040001 
1340706300,70.880005 ,55.040001 ,46.0      ,91.699997  ,0.6       ,356.0     ,2.0       ,0.0        ,0.0       ,0.0       ,55.040001 ,55.040001 
1340706600,70.880005 ,55.058002 ,46.0      ,91.199997  ,1.2       ,0.0       ,8.0       ,338.0      ,0.0       ,0.0       ,55.058002 ,55.058002 
1340706900,70.880005 ,54.895996 ,46.0      ,91.0       ,1.1       ,326.0     ,3.0       ,23.0       ,0.0       ,0.0       ,54.895996 ,54.895996 
1340707200,70.826004 ,55.040001 ,46.0      ,91.699997  ,0.9       ,336.0     ,2.0       ,293.0      ,0.0       ,0.0       ,55.040001 ,55.040001 
1340707500,70.880005 ,55.094006 ,46.0      ,92.0       ,0.9       ,0.0       ,2.0       ,315.0      ,0.0       ,0.0       ,55.094006 ,55.094006 
1340707800,70.736008 ,55.454002 ,46.0      ,91.099998  ,0.1       ,28.0      ,2.0       ,315.0      ,0.0       ,0.0       ,55.454002 ,55.454002 
1340708100,70.844009 ,55.364002 ,46.0      ,90.900002  ,1.1       ,348.0     ,3.0       ,0.0        ,0.0       ,0.0       ,55.364002 ,55.364002 
1340708400,70.880005 ,55.616005 ,46.0      ,90.5       ,0.0       ,          ,0.0       ,           ,0.0       ,0.0       ,55.616005 ,55.616005 
1340708700,70.880005 ,55.922005 ,46.0      ,90.199997  ,0.0       ,23.0      ,1.0       ,23.0       ,0.0       ,0.0       ,55.922005 ,55.922005 
1340709000,70.880005 ,56.065998 ,46.0      ,90.0       ,0.0       ,          ,0.0       ,           ,0.0       ,0.0       ,56.065998 ,56.065998 
1340709300,70.880005 ,56.119995 ,46.0      ,89.900002  ,0.4       ,27.0      ,3.0       ,0.0        ,0.0       ,0.0       ,56.119995 ,56.119995 
1340709600,70.880005 ,55.885998 ,46.799999 ,89.0       ,0.6       ,14.0      ,2.0       ,293.0      ,0.0       ,0.0       ,55.885998 ,55.885998 
1340709900,70.880005 ,56.101997 ,47.0      ,89.800003  ,0.1       ,356.0     ,1.0       ,23.0       ,0.0       ,0.0       ,56.101997 ,56.101997 
1340710200,70.880005 ,56.227997 ,47.0      ,89.400002  ,0.5       ,303.0     ,1.0       ,248.0      ,0.0       ,0.0       ,56.227997 ,56.227997 
1340710500,70.880005 ,56.263996 ,47.0      ,88.400002  ,1.2       ,8.0       ,5.0       ,0.0        ,0.0       ,0.0       ,56.263996 ,56.263996 
1340710800,70.880005 ,56.263996 ,47.0      ,88.400002  ,1.5       ,334.0     ,3.0       ,293.0      ,0.0       ,0.0       ,56.263996 ,56.263996 
1340711100,70.880005 ,56.263996 ,47.0      ,88.900002  ,1.2       ,22.0      ,3.0       ,23.0       ,0.0       ,0.0       ,56.263996 ,56.263996 
1340711400,70.772011 ,56.299995 ,46.0      ,87.800003  ,1.6       ,349.0     ,3.0       ,0.0        ,0.0       ,0.0       ,56.299995 ,56.299995 
1340711700,70.556    ,56.498005 ,46.099998 ,88.099998  ,2.0       ,0.0       ,4.0       ,0.0        ,0.0       ,0.0       ,56.498005 ,56.498005 
1340712000,70.520004 ,56.713997 ,46.700001 ,87.599998  ,2.3       ,352.0     ,4.0       ,338.0      ,0.0       ,0.0       ,56.713997 ,56.713997 
1340712300,70.520004 ,56.875996 ,47.0      ,86.900002  ,2.1       ,354.0     ,3.0       ,315.0      ,0.0       ,0.0       ,56.875996 ,56.875996 
1340712600,70.520004 ,57.110004 ,47.0      ,87.199997  ,1.5       ,356.0     ,3.0       ,338.0      ,0.0       ,0.0       ,57.110004 ,57.110004 
1340712900,70.520004 ,57.019997 ,47.0      ,86.400002  ,1.8       ,354.0     ,3.0       ,338.0      ,0.0       ,0.0       ,57.019997 ,57.019997 
1340713200,70.520004 ,57.452003 ,47.0      ,87.099998  ,1.5       ,12.0      ,3.0       ,23.0       ,0.0       ,0.0       ,57.452003 ,57.452003 
1340713500,70.520004 ,57.667992 ,47.0      ,85.0       ,2.2       ,344.0     ,3.0       ,293.0      ,0.0       ,0.0       ,57.667992 ,57.667992 
1340713800,70.411987 ,57.901989 ,47.0      ,84.099998  ,1.9       ,288.0     ,3.0       ,293.0      ,0.0       ,0.0       ,57.901989 ,57.901989 
1340714100,70.339989 ,57.919991 ,47.0      ,84.0       ,2.1       ,343.0     ,4.0       ,23.0       ,0.0       ,0.0       ,57.919991 ,57.919991 
1340714400,70.339989 ,57.829994 ,47.0      ,84.0       ,0.8       ,329.0     ,3.0       ,315.0      ,0.0       ,0.0       ,57.829994 ,57.829994 
1340714700,70.339989 ,57.937988 ,47.0      ,83.5       ,1.4       ,329.0     ,4.0       ,293.0      ,0.0       ,0.0       ,57.937988 ,57.937988 
1340715000,70.339989 ,58.424    ,47.0      ,83.400002  ,0.5       ,24.0      ,1.0       ,23.0       ,0.0       ,0.0       ,58.424    ,58.424    
1340715300,70.339989 ,59.179993 ,47.0      ,83.800003  ,0.8       ,348.0     ,3.0       ,338.0      ,0.0       ,0.0       ,59.179993 ,59.179993 
1340715600,70.339989 ,59.288002 ,47.0      ,82.5       ,1.9       ,329.0     ,4.0       ,338.0      ,0.0       ,0.0       ,59.288002 ,59.288002 
1340715900,70.520004 ,58.982002 ,47.0      ,80.900002  ,2.1       ,344.0     ,4.0       ,293.0      ,0.0       ,0.0       ,58.982002 ,58.982002 
1340716200,70.520004 ,59.756001 ,47.0      ,82.599998  ,0.9       ,358.0     ,2.0       ,23.0       ,0.0       ,0.0       ,59.756001 ,59.756001 
1340716500,70.700005 ,60.080006 ,47.0      ,83.599998  ,1.0       ,352.0     ,2.0       ,293.0      ,0.0       ,0.0       ,60.080006 ,60.080006 
1340716800,70.700005 ,59.953999 ,47.0      ,83.0       ,1.0       ,27.0      ,2.0       ,0.0        ,0.0       ,0.0       ,59.953999 ,59.953999 
1340717100,70.700005 ,59.539997 ,47.0      ,82.800003  ,1.1       ,12.0      ,3.0       ,293.0      ,0.0       ,0.0       ,59.539997 ,59.539997 
1340717400,70.736008 ,59.035999 ,47.0      ,81.599998  ,1.7       ,2.0       ,4.0       ,23.0       ,0.0       ,0.0       ,59.035999 ,59.035999 
1340717700,70.880005 ,59.612007 ,47.0      ,82.900002  ,0.6       ,30.0      ,2.0       ,23.0       ,0.0       ,0.0       ,59.612007 ,59.612007 
1340718000,70.880005 ,60.080006 ,47.0      ,81.800003  ,1.1       ,47.0      ,3.0       ,113.0      ,0.0       ,0.0       ,60.080006 ,60.080006 
1340718300,70.898003 ,60.529999 ,47.0      ,80.199997  ,1.5       ,354.0     ,3.0       ,338.0      ,0.0       ,0.0       ,60.529999 ,60.529999 
1340718600,71.059998 ,61.196003 ,47.599998 ,80.0       ,1.4       ,18.0      ,3.0       ,0.0        ,0.0       ,0.0       ,61.196003 ,61.196003 
1340718900,71.059998 ,61.340004 ,48.0      ,78.099998  ,1.9       ,8.0       ,3.0       ,315.0      ,0.0       ,0.0       ,61.340004 ,61.340004 
1340719200,71.167992 ,61.430004 ,47.5      ,75.199997  ,2.4       ,356.0     ,5.0       ,338.0      ,0.0       ,0.0       ,61.430004 ,61.430004 
1340719500,71.239998 ,61.736    ,47.0      ,77.099998  ,2.7       ,356.0     ,5.0       ,0.0        ,0.0       ,0.0       ,61.736    ,61.736    
1340719800,71.239998 ,61.754005 ,47.0      ,75.900002  ,3.1       ,354.0     ,6.0       ,23.0       ,0.0       ,0.0       ,61.754005 ,61.754005 
1340720100,71.419991 ,62.221992 ,47.0      ,78.199997  ,2.1       ,0.0       ,3.0       ,23.0       ,0.0       ,0.0       ,62.221992 ,62.221992 
1340720400,71.419991 ,62.401989 ,47.0      ,75.099998  ,2.4       ,356.0     ,4.0       ,45.0       ,0.0       ,0.0       ,62.401989 ,62.401989 
1340720700,71.419991 ,62.726002 ,47.0      ,76.699997  ,2.5       ,356.0     ,4.0       ,338.0      ,0.0       ,0.0       ,62.726002 ,62.726002 
1340721000,71.599991 ,62.509991 ,47.099998 ,75.099998  ,2.8       ,9.0       ,3.0       ,338.0      ,0.0       ,0.0       ,62.509991 ,62.509991 
1340721300,71.599991 ,62.347992 ,47.799999 ,75.099998  ,1.6       ,9.0       ,4.0       ,0.0        ,0.0       ,0.0       ,62.347992 ,62.347992 
1340721600,71.599991 ,62.096001 ,47.799999 ,76.5       ,2.1       ,337.0     ,4.0       ,23.0       ,0.0       ,0.0       ,62.096001 ,62.096001 
1340721900,71.599991 ,61.898003 ,48.0      ,76.599998  ,1.5       ,352.0     ,3.0       ,0.0        ,0.0       ,0.0       ,61.898003 ,61.898003 
1340722200,71.617996 ,61.844002 ,47.900002 ,75.800003  ,1.9       ,326.0     ,5.0       ,338.0      ,0.0       ,0.0       ,61.844002 ,61.844002 
1340722500,71.780006 ,63.085999 ,47.0      ,75.300003  ,2.7       ,349.0     ,4.0       ,338.0      ,0.0       ,0.0       ,63.085999 ,63.085999 
1340722800,71.798004 ,63.931999 ,47.0      ,74.099998  ,3.2       ,356.0     ,5.0       ,45.0       ,0.0       ,0.0       ,63.931999 ,63.931999 
1340723100,71.960007 ,64.274002 ,47.0      ,73.400002  ,2.5       ,346.0     ,4.0       ,315.0      ,0.0       ,0.0       ,64.274002 ,64.274002 
1340723400,71.960007 ,64.363998 ,47.0      ,73.300003  ,3.1       ,345.0     ,8.0       ,0.0        ,0.0       ,0.0       ,64.363998 ,64.363998 
1340723700,72.014    ,64.021996 ,47.0      ,73.699997  ,2.8       ,10.0      ,4.0       ,90.0       ,0.0       ,0.0       ,64.021996 ,64.021996 
1340724000,72.140007 ,64.363998 ,47.0      ,71.300003  ,3.2       ,344.0     ,4.0       ,338.0      ,0.0       ,0.0       ,64.363998 ,64.363998 
1340724300,72.140007 ,64.63401  ,47.0      ,72.5       ,2.7       ,10.0      ,4.0       ,45.0       ,0.0       ,0.0       ,64.63401  ,64.63401  
1340724600,72.230003 ,66.001999 ,47.0      ,73.5       ,2.2       ,12.0      ,3.0       ,45.0       ,0.0       ,0.0       ,66.001999 ,66.001999 
1340724900,72.32     ,65.695999 ,47.0      ,70.599998  ,2.7       ,344.0     ,6.0       ,315.0      ,0.0       ,0.0       ,65.695999 ,65.695999 
1340725200,72.32     ,65.137993 ,47.0      ,70.400002  ,2.8       ,351.0     ,4.0       ,293.0      ,0.0       ,0.0       ,65.137993 ,65.137993 
1340725500,72.32     ,64.850006 ,47.0      ,70.300003  ,2.9       ,333.0     ,4.0       ,293.0      ,0.0       ,0.0       ,64.850006 ,64.850006 
1340725800,72.32     ,64.814011 ,47.0      ,72.900002  ,2.0       ,16.0      ,4.0       ,338.0      ,0.0       ,0.0       ,64.814011 ,64.814011 
1340726100,72.5      ,64.345993 ,47.0      ,73.0       ,2.2       ,358.0     ,4.0       ,23.0       ,0.0       ,0.0       ,64.345993 ,64.345993 
1340726400,72.5      ,63.823994 ,47.0      ,72.699997  ,1.8       ,6.0       ,3.0       ,0.0        ,0.0       ,0.0       ,63.823994 ,63.823994 
1340726700,72.5      ,63.590004 ,47.0      ,74.599998  ,1.5       ,25.0      ,3.0       ,315.0      ,0.0       ,0.0       ,63.590004 ,63.590004 
1340727000,72.5      ,63.158009 ,47.0      ,75.0       ,1.5       ,8.0       ,3.0       ,338.0      ,0.0       ,0.0       ,63.158009 ,63.158009 
1340727300,72.5      ,62.708    ,47.0      ,75.199997  ,2.0       ,0.0       ,5.0       ,338.0      ,0.0       ,0.0       ,62.708    ,62.708    
1340727600,72.5      ,62.347992 ,47.0      ,77.400002  ,1.9       ,346.0     ,4.0       ,315.0      ,0.0       ,0.0       ,62.347992 ,62.347992 
1340727900,72.5      ,62.185993 ,47.0      ,78.099998  ,1.6       ,1.0       ,3.0       ,23.0       ,0.0       ,0.0       ,62.185993 ,62.185993 
1340728200,72.5      ,62.816002 ,47.0      ,77.400002  ,1.4       ,31.0      ,3.0       ,0.0        ,0.0       ,0.0       ,62.816002 ,62.816002 
1340728500,72.5      ,63.499992 ,47.0      ,77.699997  ,1.2       ,10.0      ,3.0       ,0.0        ,0.0       ,0.0       ,63.499992 ,63.499992 
1340728800,72.535995 ,64.598007 ,47.0      ,77.199997  ,1.9       ,0.0       ,3.0       ,315.0      ,0.0       ,0.0       ,64.598007 ,64.598007 
1340729100,72.68     ,65.624001 ,47.0      ,75.199997  ,1.8       ,335.0     ,4.0       ,338.0      ,0.0       ,0.0       ,65.624001 ,65.624001 
1340729400,72.68     ,66.613998 ,47.299999 ,73.900002  ,1.9       ,5.0       ,4.0       ,0.0        ,0.0       ,0.0       ,66.613998 ,66.613998 
1340729700,72.697998 ,66.524002 ,48.0      ,68.300003  ,3.1       ,342.0     ,4.0       ,338.0      ,0.0       ,0.0       ,66.524002 ,66.524002 
1340730000,72.859993 ,66.793991 ,48.0      ,69.800003  ,2.2       ,344.0     ,5.0       ,23.0       ,0.0       ,0.0       ,66.793991 ,66.793991 
1340730300,72.859993 ,67.658005 ,48.0      ,70.199997  ,2.2       ,350.0     ,4.0       ,315.0      ,0.0       ,0.0       ,67.658005 ,67.658005 
1340730600,72.986    ,68.359993 ,48.0      ,67.900002  ,2.9       ,347.0     ,3.0       ,338.0      ,0.0       ,0.0       ,68.359993 ,68.359993 
1340730900,73.093994 ,68.774002 ,48.0      ,65.400002  ,2.4       ,351.0     ,4.0       ,338.0      ,0.0       ,0.0       ,68.774002 ,68.774002 
1340731200,73.219994 ,68.269997 ,48.0      ,67.699997  ,2.0       ,306.0     ,4.0       ,315.0      ,0.0       ,0.0       ,68.269997 ,68.269997 
1340731500,73.219994 ,68.269989 ,48.0      ,68.099998  ,1.7       ,342.0     ,4.0       ,0.0        ,0.0       ,0.0       ,68.269989 ,68.269989 
1340731800,73.219994 ,67.874001 ,48.0      ,67.699997  ,1.1       ,324.0     ,3.0       ,315.0      ,0.0       ,0.0       ,67.874001 ,67.874001 
1340732100,73.219994 ,66.793991 ,48.0      ,68.099998  ,1.8       ,10.0      ,3.0       ,23.0       ,0.0       ,0.0       ,66.793991 ,66.793991 
1340732400,73.111992 ,65.785995 ,48.0      ,69.699997  ,2.7       ,316.0     ,5.0       ,45.0       ,0.0       ,0.0       ,65.785995 ,65.785995 
1340732700,72.859993 ,63.121998 ,48.099998 ,79.099998  ,4.2       ,320.0     ,10.0      ,338.0      ,0.0       ,0.0       ,63.121998 ,63.121998 
1340733000,72.859993 ,61.213997 ,49.0      ,85.599998  ,2.7       ,293.0     ,3.0       ,338.0      ,1.77      ,0.12      ,61.213997 ,61.213997 
1340733300,72.986    ,60.817993 ,49.0      ,88.099998  ,2.2       ,320.0     ,3.0       ,315.0      ,1.77      ,0.0       ,60.817993 ,60.817993 
1340733600,73.039993 ,60.907997 ,49.0      ,86.300003  ,0.7       ,328.0     ,2.0       ,293.0      ,1.77      ,0.0       ,60.907997 ,60.907997 
1340733900,73.039993 ,61.285999 ,49.0      ,87.900002  ,0.2       ,24.0      ,1.0       ,338.0      ,1.77      ,0.0       ,61.285999 ,61.285999 
1340734200,73.039993 ,61.483997 ,49.0      ,86.699997  ,0.1       ,300.0     ,1.0       ,248.0      ,1.77      ,0.0       ,61.483997 ,61.483997 
1340734500,73.057999 ,62.006001 ,49.0      ,85.699997  ,0.0       ,181.0     ,1.0       ,203.0      ,1.77      ,0.0       ,62.006001 ,62.006001 
1340734800,73.219994 ,62.564003 ,49.0      ,86.300003  ,0.1       ,358.0     ,1.0       ,315.0      ,1.77      ,0.0       ,62.564003 ,62.564003 
1340735100,73.219994 ,62.618    ,49.900002 ,87.599998  ,0.3       ,27.0      ,1.0       ,338.0      ,1.77      ,0.0       ,62.618    ,62.618    
1340735400,73.219994 ,62.582001 ,50.0      ,87.0       ,0.0       ,          ,0.0       ,           ,1.77      ,0.0       ,62.582001 ,62.582001 
1340735700,73.12999  ,62.329994 ,50.0      ,88.599998  ,0.0       ,          ,0.0       ,           ,1.77      ,0.0       ,62.329994 ,62.329994 
1340736000,73.039993 ,61.970001 ,50.5      ,89.599998  ,0.0       ,          ,0.0       ,           ,1.77      ,0.05      ,61.970001 ,61.970001 
1340736300,73.003998 ,62.149994 ,51.0      ,87.400002  ,0.0       ,          ,0.0       ,           ,0.07      ,0.0       ,62.149994 ,62.149994 
1340736600,72.859993 ,62.509998 ,51.099998 ,87.0       ,0.0       ,162.0     ,1.0       ,135.0      ,0.07      ,0.0       ,62.509998 ,62.509998 
1340736900,72.859993 ,62.257996 ,52.0      ,88.199997  ,0.1       ,140.0     ,2.0       ,113.0      ,0.07      ,0.03      ,62.257996 ,62.257996 
1340737200,72.859993 ,62.059998 ,52.0      ,89.699997  ,0.3       ,75.0      ,1.0       ,135.0      ,0.07      ,0.0       ,62.059998 ,62.059998 
1340737500,72.859993 ,62.006001 ,52.0      ,90.300003  ,0.2       ,50.0      ,3.0       ,113.0      ,0.07      ,0.0       ,62.006001 ,62.006001 
1340737800,72.769997 ,61.987999 ,52.0      ,90.599998  ,0.0       ,          ,0.0       ,           ,0.07      ,0.0       ,61.987999 ,61.987999 
1340738100,72.68     ,62.654003 ,52.0      ,88.5       ,0.0       ,          ,0.0       ,           ,0.15      ,0.05      ,62.654003 ,62.654003 
1340738400,72.68     ,63.392006 ,52.0      ,88.699997  ,0.0       ,          ,0.0       ,           ,0.15      ,0.0       ,63.392006 ,63.392006 
1340738700,72.805992 ,63.751995 ,52.5      ,88.5       ,0.0       ,          ,0.0       ,           ,0.15      ,0.0       ,63.751995 ,63.751995 
1340739000,72.68     ,63.554005 ,53.0      ,88.300003  ,0.0       ,5.0       ,1.0       ,135.0      ,0.15      ,0.0       ,63.554005 ,63.554005 
1340739300,72.68     ,62.995995 ,53.0      ,89.300003  ,0.0       ,          ,0.0       ,           ,0.15      ,0.04      ,62.995995 ,62.995995 
1340739600,72.68     ,62.293999 ,53.0      ,90.900002  ,0.1       ,30.0      ,2.0       ,0.0        ,0.19      ,0.04      ,62.293999 ,62.293999 
1340739900,72.517998 ,61.682007 ,54.0      ,91.300003  ,0.9       ,252.0     ,2.0       ,0.0        ,1.02      ,0.08      ,61.682007 ,61.682007 
1340740200,72.32     ,61.159996 ,54.0      ,92.5       ,1.2       ,18.0      ,3.0       ,23.0       ,1.02      ,0.0       ,61.159996 ,61.159996 
1340740500,72.32     ,61.07     ,53.5      ,92.699997  ,0.4       ,354.0     ,1.0       ,0.0        ,1.02      ,0.0       ,61.07     ,61.07     
1340740800,72.337997 ,61.844002 ,53.0      ,92.300003  ,0.0       ,          ,0.0       ,           ,1.02      ,0.0       ,61.844002 ,61.844002 
1340741100,72.5      ,63.391991 ,53.0      ,92.400002  ,0.4       ,352.0     ,2.0       ,23.0       ,1.02      ,0.0       ,63.391991 ,63.391991 
1340741400,72.571999 ,64.292007 ,53.0      ,91.400002  ,0.4       ,275.0     ,4.0       ,90.0       ,1.02      ,0.0       ,64.292007 ,64.292007 
1340741700,72.68     ,64.400009 ,53.0      ,89.0       ,0.9       ,25.0      ,2.0       ,45.0       ,1.02      ,0.0       ,64.400009 ,64.400009 
1340742000,72.68     ,63.859997 ,53.0      ,90.099998  ,0.3       ,33.0      ,1.0       ,248.0      ,1.02      ,0.0       ,63.859997 ,63.859997 
1340742300,72.68     ,63.140007 ,53.0      ,90.400002  ,0.7       ,315.0     ,2.0       ,315.0      ,1.02      ,0.0       ,63.140007 ,63.140007 
1340742600,72.571999 ,62.132    ,53.0      ,89.400002  ,4.1       ,320.0     ,10.0      ,293.0      ,1.02      ,0.04      ,62.132    ,62.132    
1340742900,72.374008 ,61.321999 ,53.0      ,89.300003  ,2.8       ,340.0     ,4.0       ,315.0      ,0.11      ,0.0       ,61.321999 ,61.321999 
1340743200,72.32     ,61.105999 ,53.0      ,90.199997  ,2.5       ,315.0     ,5.0       ,338.0      ,0.11      ,0.0       ,61.105999 ,61.105999 
1340743500,72.212006 ,61.124004 ,52.400002 ,90.300003  ,2.3       ,342.0     ,4.0       ,338.0      ,0.11      ,0.0       ,61.124004 ,61.124004 
1340743800,71.923996 ,61.394001 ,52.900002 ,90.400002  ,2.0       ,336.0     ,3.0       ,293.0      ,0.11      ,0.0       ,61.394001 ,61.394001 
1340744100,71.743996 ,61.862007 ,53.200001 ,89.900002  ,1.9       ,352.0     ,4.0       ,0.0        ,0.11      ,0.0       ,61.862007 ,61.862007 
1340744400,71.545998 ,61.826    ,54.0      ,90.199997  ,1.8       ,351.0     ,3.0       ,270.0      ,0.11      ,0.0       ,61.826    ,61.826    
1340744700,71.419991 ,61.627998 ,54.0      ,90.699997  ,0.6       ,332.0     ,2.0       ,338.0      ,0.11      ,0.0       ,61.627998 ,61.627998 
1340745000,71.491989 ,61.573997 ,54.0      ,92.0       ,0.7       ,331.0     ,3.0       ,338.0      ,0.11      ,0.0       ,61.573997 ,61.573997 
1340745300,71.599991 ,61.790001 ,54.0      ,92.5       ,0.8       ,358.0     ,2.0       ,23.0       ,0.11      ,0.0       ,61.790001 ,61.790001 
1340745600,71.617996 ,61.879997 ,54.0      ,92.400002  ,0.0       ,302.0     ,1.0       ,23.0       ,0.11      ,0.0       ,61.879997 ,61.879997 
1340745900,71.780006 ,61.879997 ,54.0      ,92.0       ,0.0       ,          ,0.0       ,           ,0.11      ,0.0       ,61.879997 ,61.879997 
1340746200,71.780006 ,61.879997 ,54.0      ,92.300003  ,0.1       ,3.0       ,2.0       ,0.0        ,0.11      ,0.0       ,61.879997 ,61.879997 
1340746500,71.780006 ,61.718006 ,54.0      ,92.099998  ,0.3       ,18.0      ,2.0       ,23.0       ,0.11      ,0.0       ,61.718006 ,61.718006 
1340746800,71.852005 ,61.627998 ,54.200001 ,92.0       ,0.0       ,0.0       ,1.0       ,315.0      ,0.11      ,0.0       ,61.627998 ,61.627998 
1340747100,72.050003 ,61.519997 ,54.900002 ,91.300003  ,0.3       ,352.0     ,1.0       ,0.0        ,0.11      ,0.0       ,61.519997 ,61.519997 
1340747400,72.230003 ,61.736    ,54.0      ,90.699997  ,0.0       ,          ,0.0       ,           ,0.11      ,0.0       ,61.736    ,61.736    
1340747700,72.409996 ,61.879997 ,54.0      ,91.300003  ,0.0       ,3.0       ,1.0       ,23.0       ,0.11      ,0.0       ,61.879997 ,61.879997 
1340748000,72.5      ,61.790001 ,54.0      ,91.099998  ,0.0       ,342.0     ,1.0       ,23.0       ,0.11      ,0.0       ,61.790001 ,61.790001 
1340748300,72.661995 ,61.700005 ,54.0      ,91.0       ,0.0       ,          ,0.0       ,           ,0.11      ,0.0       ,61.700005 ,61.700005 
1340748600,72.697998 ,61.628002 ,54.0      ,91.0       ,0.0       ,          ,0.0       ,           ,0.11      ,0.0       ,61.628002 ,61.628002 
1340748900,72.859993 ,61.501995 ,53.599998 ,91.0       ,0.0       ,          ,0.0       ,           ,0.11      ,0.0       ,61.501995 ,61.501995 
1340749200,72.859993 ,61.322002 ,53.0      ,90.599998  ,0.0       ,          ,0.0       ,           ,0.11      ,0.0       ,61.322002 ,61.322002 
1340749500,73.021996 ,61.25     ,53.0      ,90.699997  ,0.0       ,18.0      ,1.0       ,23.0       ,0.11      ,0.0       ,61.25     ,61.25     
1340749800,73.039993 ,60.980003 ,53.0      ,90.5       ,0.0       ,          ,0.0       ,           ,0.11      ,0.0       ,60.980003 ,60.980003 
1340750100,73.039993 ,60.980003 ,53.0      ,89.5       ,0.2       ,12.0      ,1.0       ,0.0        ,0.11      ,0.0       ,60.980003 ,60.980003 
1340750400,72.913986 ,60.980003 ,53.0      ,90.5       ,0.0       ,          ,0.0       ,           ,0.0       ,0.0       ,60.980003 ,60.980003 
1340750700,72.859993 ,60.980003 ,53.0      ,91.0       ,0.0       ,21.0      ,1.0       ,23.0       ,0.0       ,0.0       ,60.980003 ,60.980003 
1340751000,72.751999 ,60.980003 ,53.0      ,90.599998  ,0.0       ,          ,0.0       ,           ,0.0       ,0.0       ,60.980003 ,60.980003 
1340751300,72.68     ,60.853996 ,53.0      ,90.199997  ,0.2       ,18.0      ,2.0       ,23.0       ,0.0       ,0.0       ,60.853996 ,60.853996 
1340751600,72.68     ,60.655998 ,53.0      ,89.5       ,1.0       ,10.0      ,3.0       ,0.0        ,0.0       ,0.0       ,60.655998 ,60.655998 
1340751900,72.68     ,60.620003 ,53.0      ,89.400002  ,0.2       ,0.0       ,1.0       ,0.0        ,0.0       ,0.0       ,60.620003 ,60.620003 
1340752200,72.733994 ,60.620003 ,53.0      ,90.300003  ,0.0       ,          ,0.0       ,           ,0.0       ,0.0       ,60.620003 ,60.620003 
1340752500,72.859993 ,60.620003 ,52.5      ,90.300003  ,0.0       ,          ,0.0       ,           ,0.0       ,0.0       ,60.620003 ,60.620003 
1340752800,72.895988 ,60.709999 ,52.0      ,90.099998  ,0.0       ,          ,0.0       ,           ,0.0       ,0.0       ,60.709999 ,60.709999 
1340753100,73.039993 ,60.620003 ,52.0      ,90.300003  ,0.0       ,          ,0.0       ,           ,0.0       ,0.0       ,60.620003 ,60.620003 
1340753400,73.039993 ,60.512001 ,52.0      ,91.300003  ,0.0       ,          ,0.0       ,           ,0.0       ,0.0       ,60.512001 ,60.512001 
1340753700,73.039993 ,60.206005 ,52.0      ,91.900002  ,0.0       ,          ,0.0       ,           ,0.0       ,0.0       ,60.206005 ,60.206005 
1340754000,73.039993 ,60.080009 ,52.0      ,92.5       ,0.3       ,298.0     ,2.0       ,338.0      ,0.0       ,0.0       ,60.080009 ,60.080009 
1340754300,73.039993 ,60.080009 ,52.0      ,90.599998  ,0.3       ,297.0     ,1.0       ,293.0      ,0.0       ,0.0       ,60.080009 ,60.080009 
1340754600,73.039993 ,60.008007 ,52.0      ,90.199997  ,0.0       ,          ,0.0       ,           ,0.0       ,0.0       ,60.008007 ,60.008007 
1340754900,73.076004 ,59.900002 ,52.0      ,89.599998  ,0.0       ,308.0     ,1.0       ,315.0      ,0.0       ,0.0       ,59.900002 ,59.900002 
1340755200,73.219994 ,60.080009 ,52.0      ,89.0       ,0.0       ,          ,0.0       ,           ,0.0       ,0.0       ,60.080009 ,60.080009 
1340755500,73.219994 ,60.080009 ,52.0      ,89.900002  ,0.0       ,          ,0.0       ,           ,0.0       ,0.0       ,60.080009 ,60.080009 
1340755800,73.219994 ,59.954002 ,52.0      ,91.0       ,0.0       ,          ,0.0       ,           ,0.0       ,0.0       ,59.954002 ,59.954002 
1340756100,73.219994 ,59.827995 ,52.0      ,91.099998  ,0.0       ,282.0     ,1.0       ,0.0        ,0.0       ,0.0       ,59.827995 ,59.827995 
1340756400,73.219994 ,59.846001 ,52.0      ,90.300003  ,0.8       ,6.0       ,2.0       ,338.0      ,0.0       ,0.0       ,59.846001 ,59.846001 
1340756700,73.219994 ,59.755993 ,51.700001 ,89.199997  ,0.5       ,326.0     ,2.0       ,248.0      ,0.0       ,0.0       ,59.755993 ,59.755993 
1340757000,73.219994 ,59.719994 ,51.0      ,88.800003  ,0.3       ,9.0       ,0.0       ,23.0       ,0.0       ,0.0       ,59.719994 ,59.719994 
1340757300,73.219994 ,59.846001 ,51.0      ,86.0       ,1.6       ,306.0     ,4.0       ,293.0      ,0.0       ,0.0       ,59.846001 ,59.846001 
1340757600,73.219994 ,59.882    ,50.299999 ,82.300003  ,1.9       ,352.0     ,4.0       ,338.0      ,0.0       ,0.0       ,59.882    ,59.882    
1340757900,73.219994 ,59.917992 ,50.0      ,80.5       ,1.9       ,330.0     ,3.0       ,293.0      ,0.0       ,0.0       ,59.917992 ,59.917992 
1340758200,73.147995 ,59.828003 ,49.700001 ,79.599998  ,2.6       ,310.0     ,5.0       ,315.0      ,0.0       ,0.0       ,59.828003 ,59.828003 
1340758500,73.039993 ,59.864002 ,49.0      ,79.800003  ,1.6       ,354.0     ,4.0       ,315.0      ,0.0       ,0.0       ,59.864002 ,59.864002 
1340758800,73.039993 ,59.792    ,49.0      ,80.0       ,1.0       ,306.0     ,3.0       ,338.0      ,0.0       ,0.0       ,59.792    ,59.792    
1340759100,73.112    ,59.719994 ,49.200001 ,80.599998  ,1.2       ,18.0      ,4.0       ,45.0       ,0.0       ,0.0       ,59.719994 ,59.719994 
1340759400,73.219994 ,59.665997 ,49.0      ,81.699997  ,0.1       ,59.0      ,0.0       ,23.0       ,0.0       ,0.0       ,59.665997 ,59.665997 
1340759700,73.219994 ,59.395996 ,49.0      ,83.0       ,0.5       ,90.0      ,3.0       ,293.0      ,0.0       ,0.0       ,59.395996 ,59.395996 
1340760000,73.219994 ,59.323994 ,48.900002 ,82.099998  ,1.8       ,340.0     ,4.0       ,45.0       ,0.0       ,0.0       ,59.323994 ,59.323994 
1340760300,73.382004 ,59.359993 ,48.099998 ,82.099998  ,0.6       ,52.0      ,3.0       ,45.0       ,0.0       ,0.0       ,59.359993 ,59.359993 
1340760600,73.400009 ,59.504005 ,48.0      ,81.599998  ,1.1       ,6.0       ,3.0       ,45.0       ,0.0       ,0.0       ,59.504005 ,59.504005 
1340760900,73.400009 ,59.540001 ,48.0      ,81.199997  ,1.9       ,333.0     ,4.0       ,293.0      ,0.0       ,0.0       ,59.540001 ,59.540001 
1340761200,73.400009 ,59.486004 ,48.0      ,80.5       ,2.1       ,352.0     ,4.0       ,23.0       ,0.0       ,0.0       ,59.486004 ,59.486004 
1340761500,73.400009 ,59.359993 ,48.0      ,81.300003  ,1.5       ,320.0     ,2.0       ,0.0        ,0.0       ,0.0       ,59.359993 ,59.359993 
1340761800,73.237991 ,59.359993 ,47.5      ,81.0       ,1.9       ,324.0     ,3.0       ,338.0      ,0.0       ,0.0       ,59.359993 ,59.359993 
1340762100,73.219994 ,59.269997 ,47.0      ,81.0       ,1.8       ,322.0     ,3.0       ,338.0      ,0.0       ,0.0       ,59.269997 ,59.269997 
1340762400,73.219994 ,59.18     ,47.0      ,80.800003  ,2.1       ,340.0     ,4.0       ,23.0       ,0.0       ,0.0       ,59.18     ,59.18     
1340762700,73.219994 ,59.215996 ,47.0      ,81.0       ,2.2       ,295.0     ,4.0       ,293.0      ,0.0       ,0.0       ,59.215996 ,59.215996 
1340763000,73.219994 ,59.215996 ,47.0      ,80.599998  ,2.4       ,318.0     ,4.0       ,315.0      ,0.0       ,0.0       ,59.215996 ,59.215996 
1340763300,73.201996 ,59.251995 ,47.900002 ,81.0       ,1.5       ,295.0     ,5.0       ,338.0      ,0.0       ,0.0       ,59.251995 ,59.251995 
1340763600,73.039993 ,59.251995 ,47.799999 ,81.099998  ,2.3       ,306.0     ,4.0       ,23.0       ,0.0       ,0.0       ,59.251995 ,59.251995 
1340763900,73.039993 ,59.431995 ,48.0      ,80.199997  ,2.7       ,335.0     ,7.0       ,45.0       ,0.0       ,0.0       ,59.431995 ,59.431995 
1340764200,73.039993 ,59.503998 ,48.0      ,80.099998  ,3.0       ,336.0     ,4.0       ,338.0      ,0.0       ,0.0       ,59.503998 ,59.503998 
1340764500,73.039993 ,59.719994 ,48.0      ,78.699997  ,2.9       ,307.0     ,8.0       ,315.0      ,0.0       ,0.0       ,59.719994 ,59.719994 
1340764800,73.039993 ,59.594002 ,48.0      ,79.599998  ,2.8       ,301.0     ,6.0       ,270.0      ,0.0       ,0.0       ,59.594002 ,59.594002 
1340765100,73.039993 ,59.719994 ,48.0      ,78.699997  ,3.6       ,308.0     ,4.0       ,270.0      ,0.0       ,0.0       ,59.719994 ,59.719994 
1340765400,73.039993 ,59.719994 ,48.0      ,79.0       ,2.8       ,324.0     ,4.0       ,0.0        ,0.0       ,0.0       ,59.719994 ,59.719994 
1340765700,73.021996 ,59.809998 ,48.0      ,78.199997  ,4.1       ,313.0     ,6.0       ,338.0      ,0.0       ,0.0       ,59.809998 ,59.809998 
1340766000,73.039993 ,59.827995 ,48.099998 ,78.099998  ,3.9       ,342.0     ,8.0       ,0.0        ,0.0       ,0.0       ,59.827995 ,59.827995 
1340766300,73.039993 ,59.719994 ,49.0      ,79.199997  ,3.1       ,329.0     ,6.0       ,315.0      ,0.0       ,0.0       ,59.719994 ,59.719994 
1340766600,73.039993 ,59.612    ,49.0      ,79.900002  ,1.0       ,303.0     ,2.0       ,180.0      ,0.0       ,0.0       ,59.612    ,59.612    
1340766900,72.967995 ,59.413994 ,48.5      ,80.599998  ,2.4       ,349.0     ,4.0       ,315.0      ,0.0       ,0.0       ,59.413994 ,59.413994 
1340767200,72.967995 ,59.576    ,48.0      ,79.0       ,2.2       ,30.0      ,5.0       ,68.0       ,0.0       ,0.0       ,59.576    ,59.576    
1340767500,72.895988 ,59.612    ,48.0      ,80.0       ,2.4       ,0.0       ,4.0       ,23.0       ,0.0       ,0.0       ,59.612    ,59.612    
1340767800,72.859993 ,59.467999 ,48.0      ,80.599998  ,1.2       ,333.0     ,4.0       ,135.0      ,0.0       ,0.0       ,59.467999 ,59.467999 
1340768100,72.859993 ,59.467999 ,48.0      ,79.699997  ,2.7       ,324.0     ,4.0       ,315.0      ,0.0       ,0.0       ,59.467999 ,59.467999 
1340768400,72.859993 ,59.576    ,48.0      ,79.099998  ,2.8       ,280.0     ,5.0       ,45.0       ,0.0       ,0.0       ,59.576    ,59.576    
1340768700,72.859993 ,59.540001 ,48.0      ,79.300003  ,1.9       ,340.0     ,4.0       ,338.0      ,0.0       ,0.0       ,59.540001 ,59.540001 
1340769000,72.859993 ,59.377998 ,48.0      ,80.400002  ,1.7       ,342.0     ,3.0       ,23.0       ,0.0       ,0.0       ,59.377998 ,59.377998 
1340769300,72.859993 ,59.359993 ,48.0      ,80.5       ,1.3       ,354.0     ,3.0       ,338.0      ,0.0       ,0.0       ,59.359993 ,59.359993 
1340769600,72.751999 ,59.395996 ,48.0      ,79.800003  ,2.1       ,340.0     ,3.0       ,45.0       ,0.0       ,0.0       ,59.395996 ,59.395996 
1340769900,72.68     ,59.594002 ,48.0      ,78.900002  ,2.6       ,345.0     ,4.0       ,293.0      ,0.0       ,0.0       ,59.594002 ,59.594002 
1340770200,72.68     ,59.540001 ,48.0      ,79.5       ,0.8       ,22.0      ,2.0       ,45.0       ,0.0       ,0.0       ,59.540001 ,59.540001 
1340770500,72.68     ,59.665997 ,48.0      ,79.0       ,1.4       ,49.0      ,3.0       ,338.0      ,0.0       ,0.0       ,59.665997 ,59.665997 
1340770800,72.68     ,59.737999 ,48.0      ,78.199997  ,2.0       ,344.0     ,5.0       ,23.0       ,0.0       ,0.0       ,59.737999 ,59.737999 
1340771100,72.68     ,59.900002 ,48.0      ,77.5       ,1.0       ,18.0      ,3.0       ,23.0       ,0.0       ,0.0       ,59.900002 ,59.900002 
1340771400,72.68     ,59.863995 ,48.0      ,78.800003  ,1.3       ,324.0     ,3.0       ,135.0      ,0.0       ,0.0       ,59.863995 ,59.863995 
1340771700,72.68     ,59.719994 ,48.0      ,78.5       ,0.2       ,64.0      ,3.0       ,68.0       ,0.0       ,0.0       ,59.719994 ,59.719994 
1340772000,72.68     ,59.828003 ,48.0      ,76.900002  ,2.4       ,316.0     ,4.0       ,338.0      ,0.0       ,0.0       ,59.828003 ,59.828003 
1340772300,72.68     ,59.900002 ,48.0      ,76.599998  ,1.5       ,34.0      ,3.0       ,45.0       ,0.0       ,0.0       ,59.900002 ,59.900002 
1340772600,72.68     ,59.900002 ,48.0      ,77.199997  ,1.1       ,285.0     ,2.0       ,23.0       ,0.0       ,0.0       ,59.900002 ,59.900002 
1340772900,72.625999 ,59.792    ,48.0      ,76.199997  ,1.7       ,318.0     ,4.0       ,315.0      ,0.0       ,0.0       ,59.792    ,59.792    
1340773200,72.5      ,59.900002 ,48.0      ,75.800003  ,1.9       ,307.0     ,5.0       ,0.0        ,0.0       ,0.0       ,59.900002 ,59.900002 
1340773500,72.5      ,59.900002 ,48.0      ,75.599998  ,1.9       ,2.0       ,3.0       ,338.0      ,0.0       ,0.0       ,59.900002 ,59.900002 
1340773800,72.5      ,59.900002 ,48.0      ,75.099998  ,2.4       ,350.0     ,4.0       ,0.0        ,0.0       ,0.0       ,59.900002 ,59.900002 
1340774100,72.5      ,59.900002 ,48.0      ,75.699997  ,1.8       ,2.0       ,5.0       ,338.0      ,0.0       ,0.0       ,59.900002 ,59.900002 
1340774400,72.5      ,59.719994 ,48.0      ,76.900002  ,1.4       ,334.0     ,4.0       ,338.0      ,0.0       ,0.0       ,59.719994 ,59.719994 
1340774700,72.5      ,59.647999 ,48.0      ,77.0       ,1.3       ,308.0     ,3.0       ,68.0       ,0.0       ,0.0       ,59.647999 ,59.647999 
1340775000,72.5      ,59.576    ,48.0      ,76.599998  ,3.3       ,346.0     ,6.0       ,45.0       ,0.0       ,0.0       ,59.576    ,59.576    
1340775300,72.5      ,59.719994 ,48.0      ,75.900002  ,2.4       ,329.0     ,4.0       ,338.0      ,0.0       ,0.0       ,59.719994 ,59.719994 
1340775600,72.5      ,59.576    ,48.0      ,77.199997  ,0.8       ,16.0      ,2.0       ,0.0        ,0.0       ,0.0       ,59.576    ,59.576    
1340775900,72.5      ,59.377998 ,48.0      ,78.0       ,0.7       ,291.0     ,1.0       ,248.0      ,0.0       ,0.0       ,59.377998 ,59.377998 
1340776200,72.464005 ,59.359993 ,48.0      ,78.0       ,0.2       ,313.0     ,2.0       ,113.0      ,0.0       ,0.0       ,59.359993 ,59.359993 
1340776500,72.32     ,59.341991 ,48.0      ,77.800003  ,1.3       ,285.0     ,4.0       ,23.0       ,0.0       ,0.0       ,59.341991 ,59.341991 
1340776800,72.32     ,59.269997 ,48.0      ,77.599998  ,2.0       ,299.0     ,4.0       ,248.0      ,0.0       ,0.0       ,59.269997 ,59.269997 
1340777100,72.32     ,59.486    ,48.0      ,76.400002  ,1.4       ,10.0      ,5.0       ,0.0        ,0.0       ,0.0       ,59.486    ,59.486    
1340777400,72.32     ,59.431995 ,48.0      ,77.599998  ,0.2       ,76.0      ,2.0       ,248.0      ,0.0       ,0.0       ,59.431995 ,59.431995 
1340777700,72.32     ,59.359993 ,48.0      ,77.599998  ,0.3       ,30.0      ,2.0       ,45.0       ,0.0       ,0.0       ,59.359993 ,59.359993 
1340778000,72.32     ,59.359993 ,48.0      ,78.0       ,0.4       ,38.0      ,1.0       ,23.0       ,0.0       ,0.0       ,59.359993 ,59.359993 
1340778300,72.32     ,59.341991 ,48.0      ,78.0       ,0.1       ,75.0      ,1.0       ,90.0       ,0.0       ,0.0       ,59.341991 ,59.341991 
1340778600,72.32     ,59.18     ,47.799999 ,78.0       ,0.3       ,36.0      ,2.0       ,338.0      ,0.0       ,0.0       ,59.18     ,59.18     
1340778900,72.32     ,59.18     ,47.0      ,77.599998  ,0.2       ,54.0      ,0.0       ,45.0       ,0.0       ,0.0       ,59.18     ,59.18     
1340779200,72.32     ,59.143993 ,47.0      ,78.0       ,0.0       ,          ,0.0       ,           ,0.0       ,0.0       ,59.143993 ,59.143993 
1340779500,72.32     ,59.0      ,47.0      ,77.800003  ,0.0       ,48.0      ,1.0       ,338.0      ,0.0       ,0.0       ,59.0      ,59.0      
1340779800,72.32     ,58.874001 ,47.799999 ,78.199997  ,0.4       ,46.0      ,2.0       ,315.0      ,0.0       ,0.0       ,58.874001 ,58.874001 
1340780100,72.266006 ,59.0      ,48.0      ,77.900002  ,0.0       ,          ,0.0       ,           ,0.0       ,0.0       ,59.0      ,59.0      
1340780400,72.140007 ,59.0      ,48.0      ,78.0       ,0.0       ,57.0      ,1.0       ,90.0       ,0.0       ,0.0       ,59.0      ,59.0      
1340780700,72.140007 ,59.0      ,48.0      ,78.0       ,0.1       ,75.0      ,1.0       ,90.0       ,0.0       ,0.0       ,59.0      ,59.0      
1340781000,72.140007 ,59.089996 ,48.0      ,76.599998  ,1.2       ,306.0     ,3.0       ,23.0       ,0.0       ,0.0       ,59.089996 ,59.089996 
1340781300,72.140007 ,59.233997 ,48.0      ,76.699997  ,1.0       ,43.0      ,3.0       ,225.0      ,0.0       ,0.0       ,59.233997 ,59.233997 
1340781600,72.140007 ,59.18     ,48.0      ,77.300003  ,0.0       ,          ,0.0       ,           ,0.0       ,0.0       ,59.18     ,59.18     
1340781900,72.140007 ,59.143993 ,47.400002 ,77.800003  ,0.2       ,99.0      ,1.0       ,203.0      ,0.0       ,0.0       ,59.143993 ,59.143993 
1340782200,72.140007 ,59.0      ,47.0      ,78.0       ,0.6       ,100.0     ,3.0       ,135.0      ,0.0       ,0.0       ,59.0      ,59.0      
1340782500,72.140007 ,58.892006 ,47.0      ,78.599998  ,0.1       ,95.0      ,1.0       ,90.0       ,0.0       ,0.0       ,58.892006 ,58.892006 
1340782800,72.140007 ,58.82     ,47.0      ,78.400002  ,0.1       ,47.0      ,3.0       ,113.0      ,0.0       ,0.0       ,58.82     ,58.82     
1340783100,72.140007 ,58.838001 ,47.0      ,78.199997  ,0.4       ,18.0      ,2.0       ,23.0       ,0.0       ,0.0       ,58.838001 ,58.838001 
1340783400,72.140007 ,58.640007 ,47.0      ,78.5       ,0.0       ,72.0      ,1.0       ,113.0      ,0.0       ,0.0       ,58.640007 ,58.640007 
1340783700,72.140007 ,58.640007 ,47.0      ,78.900002  ,0.5       ,96.0      ,2.0       ,90.0       ,0.0       ,0.0       ,58.640007 ,58.640007 
1340784000,72.140007 ,58.802002 ,47.0      ,77.900002  ,0.1       ,123.0     ,1.0       ,315.0      ,0.0       ,0.0       ,58.802002 ,58.802002 
1340784300,72.140007 ,58.658009 ,47.0      ,79.099998  ,0.9       ,91.0      ,2.0       ,90.0       ,0.0       ,0.0       ,58.658009 ,58.658009 
1340784600,72.050003 ,58.388    ,47.0      ,80.0       ,0.5       ,94.0      ,2.0       ,113.0      ,0.0       ,0.0       ,58.388    ,58.388    
1340784900,71.960007 ,58.370003 ,47.099998 ,80.199997  ,0.2       ,100.0     ,2.0       ,180.0      ,0.0       ,0.0       ,58.370003 ,58.370003 
1340785200,71.960007 ,58.640003 ,47.799999 ,79.599998  ,0.8       ,205.0     ,2.0       ,225.0      ,0.0       ,0.0       ,58.640003 ,58.640003 
1340785500,71.960007 ,58.784004 ,47.0      ,79.199997  ,0.0       ,187.0     ,2.0       ,180.0      ,0.0       ,0.0       ,58.784004 ,58.784004 
1340785800,71.960007 ,58.802002 ,47.0      ,80.0       ,0.7       ,156.0     ,3.0       ,158.0      ,0.0       ,0.0       ,58.802002 ,58.802002 
1340786100,71.960007 ,58.82     ,47.0      ,80.0       ,0.3       ,189.0     ,1.0       ,135.0      ,0.0       ,0.0       ,58.82     ,58.82     
1340786400,71.960007 ,58.981995 ,47.0      ,79.199997  ,0.9       ,138.0     ,4.0       ,23.0       ,0.0       ,0.0       ,58.981995 ,58.981995 
1340786700,71.960007 ,58.910004 ,47.0      ,79.5       ,0.8       ,111.0     ,2.0       ,135.0      ,0.0       ,0.0       ,58.910004 ,58.910004 
1340787000,71.960007 ,58.892006 ,47.0      ,79.699997  ,0.3       ,38.0      ,2.0       ,45.0       ,0.0       ,0.0       ,58.892006 ,58.892006 
1340787300,71.960007 ,58.549999 ,47.0      ,81.599998  ,0.4       ,99.0      ,2.0       ,135.0      ,0.0       ,0.0       ,58.549999 ,58.549999 
1340787600,71.960007 ,58.459999 ,47.0      ,81.5       ,0.3       ,43.0      ,2.0       ,0.0        ,0.0       ,0.0       ,58.459999 ,58.459999 
1340787900,71.960007 ,58.676003 ,47.0      ,80.400002  ,0.9       ,50.0      ,2.0       ,23.0       ,0.0       ,0.0       ,58.676003 ,58.676003 
1340788200,71.960007 ,58.82     ,47.0      ,80.0       ,1.3       ,113.0     ,3.0       ,45.0       ,0.0       ,0.0       ,58.82     ,58.82     
1340788500,71.960007 ,58.82     ,47.0      ,80.0       ,0.0       ,91.0      ,1.0       ,113.0      ,0.0       ,0.0       ,58.82     ,58.82     
