1341998400,73.760002 ,54.319996 ,41.0      ,85.0       ,0.0       ,          ,0.0       ,           ,0.0       ,0.0       ,54.319996 ,54.319996 
1341998700,73.760002 ,54.32     ,41.0      ,85.0       ,0.0       ,          ,0.0       ,           ,0.0       ,0.0       ,54.32     ,54.32     
1341999000,73.63401  ,54.122002 ,41.0      ,83.599998  ,0.0       ,          ,0.0       ,           ,0.0       ,0.0       ,54.122002 ,54.122002 
1341999300,73.580009 ,53.797997 ,41.0      ,84.699997  ,0.0       ,          ,0.0       ,           ,0.0       ,0.0       ,53.797997 ,53.797997 
1341999600,73.580009 ,53.672005 ,41.0      ,84.0       ,0.0       ,          ,0.0       ,           ,0.0       ,0.0       ,53.672005 ,53.672005 
1341999900,73.580009 ,53.437996 ,41.0      ,83.300003  ,0.0       ,          ,0.0       ,           ,0.0       ,0.0       ,53.437996 ,53.437996 
1342000200,73.580009 ,53.419991 ,41.0      ,84.0       ,0.0       ,          ,0.0       ,           ,0.0       ,0.0       ,53.419991 ,53.419991 
1342000500,73.436005 ,53.419991 ,41.0      ,84.599998  ,0.0       ,          ,0.0       ,           ,0.0       ,0.0       ,53.419991 ,53.419991 
1342000800,73.400009 ,53.564003 ,41.0      ,85.900002  ,0.0       ,          ,0.0       ,           ,0.0       ,0.0       ,53.564003 ,53.564003 
1342001100,73.400009 ,53.599998 ,41.0      ,87.5       ,0.0       ,          ,0.0       ,           ,0.0       ,0.0       ,53.599998 ,53.599998 
1342001400,73.327988 ,53.779999 ,41.0      ,86.300003  ,0.0       ,          ,0.0       ,           ,0.0       ,0.0       ,53.779999 ,53.779999 
1342001700,73.219994 ,53.887993 ,41.0      ,85.0       ,0.0       ,          ,0.0       ,           ,0.0       ,0.0       ,53.887993 ,53.887993 
1342002000,73.219994 ,54.104004 ,41.0      ,85.800003  ,0.0       ,          ,0.0       ,           ,0.0       ,0.0       ,54.104004 ,54.104004 
1342002300,73.219994 ,54.194008 ,41.0      ,88.0       ,0.0       ,          ,0.0       ,           ,0.0       ,0.0       ,54.194008 ,54.194008 
1342002600,73.219994 ,54.464001 ,41.0      ,88.0       ,0.0       ,          ,0.0       ,           ,0.0       ,0.0       ,54.464001 ,54.464001 
1342002900,73.12999  ,54.589996 ,41.0      ,87.0       ,0.0       ,          ,0.0       ,           ,0.0       ,0.0       ,54.589996 ,54.589996 
1342003200,73.039993 ,54.823994 ,41.0      ,85.400002  ,0.0       ,          ,0.0       ,           ,0.0       ,0.0       ,54.823994 ,54.823994 
1342003500,73.039993 ,54.931999 ,41.0      ,86.400002  ,0.0       ,          ,0.0       ,           ,0.0       ,0.0       ,54.931999 ,54.931999 
1342003800,73.039993 ,55.202003 ,41.0      ,87.800003  ,0.0       ,          ,0.0       ,           ,0.0       ,0.0       ,55.202003 ,55.202003 
1342004100,73.039993 ,55.544006 ,41.0      ,87.5       ,0.0       ,          ,0.0       ,           ,0.0       ,0.0       ,55.544006 ,55.544006 
1342004400,73.039993 ,55.849998 ,41.0      ,88.0       ,0.0       ,          ,0.0       ,           ,0.0       ,0.0       ,55.849998 ,55.849998 
1342004700,73.039993 ,56.245995 ,41.799999 ,87.300003  ,0.0       ,          ,0.0       ,           ,0.0       ,0.0       ,56.245995 ,56.245995 
1342005000,73.039993 ,56.714001 ,42.0      ,87.0       ,0.0       ,          ,0.0       ,           ,0.0       ,0.0       ,56.714001 ,56.714001 
1342005300,73.039993 ,56.947998 ,42.0      ,86.400002  ,0.0       ,          ,0.0       ,           ,0.0       ,0.0       ,56.947998 ,56.947998 
1342005600,73.039993 ,57.379997 ,42.099998 ,85.699997  ,0.0       ,          ,0.0       ,           ,0.0       ,0.0       ,57.379997 ,57.379997 
1342005900,73.039993 ,57.86599  ,43.0      ,84.0       ,0.0       ,          ,0.0       ,           ,0.0       ,0.0       ,57.86599  ,57.86599  
1342006200,73.039993 ,58.297997 ,43.0      ,84.0       ,0.0       ,          ,0.0       ,           ,0.0       ,0.0       ,58.297997 ,58.297997 
1342006500,73.039993 ,58.711998 ,43.0      ,83.900002  ,0.0       ,          ,0.0       ,           ,0.0       ,0.0       ,58.711998 ,58.711998 
1342006800,73.039993 ,59.089996 ,43.0      ,83.0       ,0.0       ,          ,0.0       ,           ,0.0       ,0.0       ,59.089996 ,59.089996 
1342007100,73.039993 ,59.503998 ,43.0      ,82.800003  ,0.0       ,          ,0.0       ,           ,0.0       ,0.0       ,59.503998 ,59.503998 
1342007400,73.039993 ,59.936005 ,43.0      ,82.699997  ,0.0       ,          ,0.0       ,           ,0.0       ,0.0       ,59.936005 ,59.936005 
1342007700,73.039993 ,60.422005 ,43.0      ,82.199997  ,0.0       ,          ,0.0       ,           ,0.0       ,0.0       ,60.422005 ,60.422005 
1342008000,73.039993 ,60.961998 ,43.0      ,81.099998  ,0.0       ,          ,0.0       ,           ,0.0       ,0.0       ,60.961998 ,60.961998 
1342008300,73.039993 ,61.52     ,43.0      ,80.699997  ,0.0       ,          ,0.0       ,           ,0.0       ,0.0       ,61.52     ,61.52     
1342008600,73.039993 ,62.203991 ,43.0      ,79.800003  ,0.0       ,          ,0.0       ,           ,0.0       ,0.0       ,62.203991 ,62.203991 
1342008900,73.039993 ,62.797997 ,43.0      ,79.0       ,0.0       ,          ,0.0       ,           ,0.0       ,0.0       ,62.797997 ,62.797997 
1342009200,73.039993 ,63.391998 ,43.0      ,78.300003  ,0.0       ,          ,0.0       ,           ,0.0       ,0.0       ,63.391998 ,63.391998 
1342009500,73.039993 ,64.166008 ,43.0      ,77.699997  ,0.0       ,          ,0.0       ,           ,0.0       ,0.0       ,64.166008 ,64.166008 
1342009800,73.039993 ,64.724007 ,43.0      ,76.400002  ,0.0       ,          ,0.0       ,           ,0.0       ,0.0       ,64.724007 ,64.724007 
1342010100,73.039993 ,65.281998 ,43.0      ,76.0       ,0.0       ,          ,0.0       ,           ,0.0       ,0.0       ,65.281998 ,65.281998 
1342010400,73.039993 ,65.606003 ,42.700001 ,73.599998  ,0.0       ,          ,0.0       ,           ,0.0       ,0.0       ,65.606003 ,65.606003 
1342010700,73.039993 ,66.127998 ,42.0      ,72.599998  ,0.0       ,          ,0.0       ,           ,0.0       ,0.0       ,66.127998 ,66.127998 
1342011000,73.039993 ,66.811989 ,42.0      ,71.699997  ,0.0       ,          ,0.0       ,           ,0.0       ,0.0       ,66.811989 ,66.811989 
1342011300,73.039993 ,67.334    ,42.0      ,70.400002  ,0.0       ,          ,0.0       ,           ,0.0       ,0.0       ,67.334    ,67.334    
1342011600,73.039993 ,68.089996 ,42.599998 ,70.099998  ,0.6       ,25.0      ,2.0       ,0.0        ,0.0       ,0.0       ,68.089996 ,68.089996 
1342011900,73.039993 ,68.593994 ,43.0      ,68.699997  ,0.0       ,357.0     ,1.0       ,45.0       ,0.0       ,0.0       ,68.593994 ,68.593994 
1342012200,73.165993 ,69.062004 ,43.0      ,67.300003  ,0.4       ,342.0     ,2.0       ,0.0        ,0.0       ,0.0       ,69.062004 ,69.062004 
1342012500,73.219994 ,69.727997 ,43.0      ,66.5       ,0.5       ,32.0      ,2.0       ,23.0       ,0.0       ,0.0       ,69.727997 ,69.727997 
1342012800,73.219994 ,70.412003 ,43.0      ,66.099998  ,0.6       ,14.0      ,2.0       ,23.0       ,0.0       ,0.0       ,70.412003 ,70.412003 
1342013100,73.310013 ,71.077995 ,43.0      ,65.5       ,0.4       ,20.0      ,0.0       ,23.0       ,0.0       ,0.0       ,71.077995 ,71.077995 
1342013400,73.400009 ,71.816002 ,43.0      ,64.400002  ,0.1       ,32.0      ,1.0       ,90.0       ,0.0       ,0.0       ,71.816002 ,71.816002 
1342013700,73.400009 ,72.410004 ,43.0      ,63.200001  ,0.0       ,          ,0.0       ,           ,0.0       ,0.0       ,72.410004 ,72.410004 
1342014000,73.400009 ,73.382004 ,43.0      ,64.199997  ,0.6       ,102.0     ,2.0       ,113.0      ,0.0       ,0.0       ,73.382004 ,73.382004 
1342014300,73.490005 ,74.245995 ,43.0      ,63.799999  ,0.0       ,          ,0.0       ,           ,0.0       ,0.0       ,74.245995 ,74.245995 
1342014600,73.580009 ,74.840004 ,43.5      ,61.5       ,0.0       ,          ,0.0       ,           ,0.0       ,0.0       ,74.840004 ,74.840004 
1342014900,73.580009 ,75.470001 ,44.0      ,61.200001  ,0.0       ,          ,0.0       ,           ,0.0       ,0.0       ,75.470001 ,77.603546 
1342015200,73.688004 ,75.86599  ,44.0      ,57.299999  ,0.1       ,28.0      ,2.0       ,0.0        ,0.0       ,0.0       ,75.86599  ,77.968452 
1342015500,73.760002 ,75.811996 ,44.0      ,53.299999  ,1.0       ,39.0      ,2.0       ,0.0        ,0.0       ,0.0       ,75.811996 ,77.977783 
1342015800,73.778    ,76.280006 ,44.0      ,53.5       ,0.0       ,39.0      ,1.0       ,293.0      ,0.0       ,0.0       ,76.280006 ,78.237732 
1342016100,73.940002 ,77.089989 ,44.099998 ,56.5       ,0.7       ,152.0     ,3.0       ,135.0      ,0.0       ,0.0       ,77.089989 ,78.805023 
1342016400,74.047997 ,78.044006 ,45.0      ,56.400002  ,0.2       ,141.0     ,0.0       ,135.0      ,0.0       ,0.0       ,78.044006 ,79.560486 
1342016700,74.119995 ,78.908005 ,45.0      ,55.900002  ,0.0       ,          ,0.0       ,           ,0.0       ,0.0       ,78.908005 ,80.300072 
1342017000,74.281998 ,78.745987 ,45.0      ,51.200001  ,0.0       ,          ,0.0       ,           ,0.0       ,0.0       ,78.745987 ,79.850243 
1342017300,74.299995 ,79.699997 ,45.0      ,54.599998  ,0.0       ,          ,0.0       ,           ,0.0       ,0.0       ,79.699997 ,80.95153  
1342017600,74.461998 ,80.636002 ,45.099998 ,54.900002  ,0.0       ,          ,0.0       ,           ,0.0       ,0.0       ,80.636002 ,81.950768 
1342017900,74.516006 ,81.248001 ,46.0      ,53.900002  ,0.4       ,156.0     ,3.0       ,135.0      ,0.0       ,0.0       ,81.248001 ,82.49894  
1342018200,74.660011 ,82.004005 ,45.799999 ,50.799999  ,1.8       ,154.0     ,4.0       ,135.0      ,0.0       ,0.0       ,82.004005 ,82.892265 
1342018500,74.749985 ,82.201988 ,45.0      ,45.0       ,0.7       ,309.0     ,1.0       ,315.0      ,0.0       ,0.0       ,82.201988 ,82.26049  
1342018800,74.839989 ,82.147995 ,44.5      ,42.400002  ,1.4       ,354.0     ,3.0       ,0.0        ,0.0       ,0.0       ,82.147995 ,81.869637 
1342019100,75.001999 ,82.63401  ,44.0      ,43.900002  ,0.8       ,231.0     ,3.0       ,158.0      ,0.0       ,0.0       ,82.63401  ,82.526634 
1342019400,75.091995 ,83.533997 ,44.0      ,45.599998  ,0.5       ,198.0     ,3.0       ,158.0      ,0.0       ,0.0       ,83.533997 ,83.729164 
1342019700,75.218002 ,83.498001 ,43.799999 ,40.299999  ,0.7       ,312.0     ,3.0       ,338.0      ,0.0       ,0.0       ,83.498001 ,82.843567 
1342020000,75.380005 ,83.444    ,43.0      ,41.5       ,0.5       ,192.0     ,3.0       ,338.0      ,0.0       ,0.0       ,83.444    ,82.969307 
1342020300,75.470001 ,83.768005 ,43.0      ,40.299999  ,0.3       ,331.0     ,2.0       ,0.0        ,0.0       ,0.0       ,83.768005 ,83.106773 
1342020600,75.613998 ,84.469994 ,43.0      ,41.599998  ,0.9       ,213.0     ,3.0       ,225.0      ,0.0       ,0.0       ,84.469994 ,84.042877 
1342020900,75.739998 ,84.416    ,43.0      ,38.200001  ,1.2       ,357.0     ,3.0       ,293.0      ,0.0       ,0.0       ,84.416    ,83.422859 
1342021200,75.883987 ,85.442009 ,43.0      ,40.099998  ,1.9       ,173.0     ,5.0       ,293.0      ,0.0       ,0.0       ,85.442009 ,84.828362 
1342021500,75.973984 ,86.269997 ,42.599998 ,39.200001  ,1.0       ,166.0     ,3.0       ,0.0        ,0.0       ,0.0       ,86.269997 ,85.585899 
1342021800,76.099991 ,86.62999  ,42.0      ,37.200001  ,0.5       ,126.0     ,3.0       ,158.0      ,0.0       ,0.0       ,86.62999  ,85.586571 
1342022100,76.280006 ,85.964005 ,42.0      ,32.299999  ,1.8       ,351.0     ,3.0       ,293.0      ,0.0       ,0.0       ,85.964005 ,84.039589 
1342022400,76.352005 ,86.19799  ,41.900002 ,34.200001  ,1.0       ,303.0     ,3.0       ,135.0      ,0.0       ,0.0       ,86.19799  ,84.571182 
1342022700,76.460007 ,86.360001 ,41.0      ,34.599998  ,0.3       ,332.0     ,2.0       ,23.0       ,0.0       ,0.0       ,86.360001 ,84.806808 
1342023000,76.586014 ,86.864006 ,41.0      ,33.900002  ,0.1       ,351.0     ,2.0       ,23.0       ,0.0       ,0.0       ,86.864006 ,85.213791 
1342023300,76.730003 ,87.278    ,41.200001 ,34.5       ,0.9       ,288.0     ,2.0       ,338.0      ,0.0       ,0.0       ,87.278    ,85.773781 
1342023600,76.892006 ,87.314011 ,41.0      ,32.400002  ,0.5       ,309.0     ,3.0       ,338.0      ,0.0       ,0.0       ,87.314011 ,85.422958 
1342023900,77.035995 ,87.638    ,41.0      ,32.799999  ,1.0       ,324.0     ,3.0       ,338.0      ,0.0       ,0.0       ,87.638    ,85.842506 
1342024200,77.18     ,88.267998 ,41.0      ,34.200001  ,0.7       ,158.0     ,2.0       ,135.0      ,0.0       ,0.0       ,88.267998 ,86.83242  
1342024500,77.359993 ,88.195999 ,41.0      ,33.799999  ,0.9       ,288.0     ,3.0       ,338.0      ,0.0       ,0.0       ,88.195999 ,86.663811 
1342024800,77.377991 ,87.638008 ,41.700001 ,35.299999  ,0.5       ,189.0     ,3.0       ,135.0      ,0.0       ,0.0       ,87.638008 ,86.340813 
1342025100,77.539993 ,87.241997 ,41.400002 ,34.599998  ,1.2       ,180.0     ,3.0       ,180.0      ,0.0       ,0.0       ,87.241997 ,85.753525 
1342025400,77.539993 ,86.900002 ,41.0      ,36.0       ,0.5       ,210.0     ,2.0       ,225.0      ,0.0       ,0.0       ,86.900002 ,85.64933  
1342025700,77.701988 ,87.854004 ,41.0      ,35.099998  ,1.3       ,154.0     ,2.0       ,203.0      ,0.0       ,0.0       ,87.854004 ,86.547066 
1342026000,77.719994 ,86.251999 ,41.0      ,32.700001  ,0.2       ,335.0     ,1.0       ,0.0        ,0.0       ,0.0       ,86.251999 ,84.383392 
1342026300,77.828011 ,86.737999 ,41.0      ,34.900002  ,0.2       ,329.0     ,3.0       ,270.0      ,0.0       ,0.0       ,86.737999 ,85.261284 
1342026600,77.954002 ,87.367996 ,41.0      ,32.900002  ,1.6       ,3.0       ,3.0       ,338.0      ,0.0       ,0.0       ,87.367996 ,85.570068 
1342026900,78.152008 ,88.682007 ,41.0      ,34.200001  ,0.6       ,339.0     ,2.0       ,23.0       ,0.0       ,0.0       ,88.682007 ,87.318481 
1342027200,78.314003 ,89.600006 ,41.0      ,33.599998  ,0.5       ,331.0     ,2.0       ,23.0       ,0.0       ,0.0       ,89.600006 ,88.285927 
1342027500,78.440002 ,89.383995 ,41.0      ,32.599998  ,0.5       ,159.0     ,2.0       ,180.0      ,0.0       ,0.0       ,89.383995 ,87.785912 
1342027800,78.584    ,89.509995 ,41.0      ,33.200001  ,1.0       ,164.0     ,4.0       ,135.0      ,0.0       ,0.0       ,89.509995 ,88.078392 
1342028100,78.745987 ,88.771996 ,41.0      ,30.4       ,1.2       ,327.0     ,3.0       ,0.0        ,0.0       ,0.0       ,88.771996 ,86.624657 
1342028400,78.799995 ,86.845993 ,40.5      ,31.4       ,0.0       ,          ,0.0       ,           ,0.0       ,0.0       ,86.845993 ,84.77372  
1342028700,78.799995 ,86.594002 ,40.299999 ,34.099998  ,0.0       ,          ,0.0       ,           ,0.0       ,0.0       ,86.594002 ,84.964455 
1342029000,78.925995 ,87.422005 ,40.099998 ,31.4       ,0.0       ,          ,0.0       ,           ,0.0       ,0.0       ,87.422005 ,85.362801 
1342029300,79.088013 ,87.457993 ,40.0      ,31.5       ,1.9       ,277.0     ,6.0       ,45.0       ,0.0       ,0.0       ,87.457993 ,85.417381 
1342029600,79.195999 ,87.512001 ,40.0      ,32.900002  ,0.0       ,          ,0.0       ,           ,0.0       ,0.0       ,87.512001 ,85.724831 
1342029900,79.339989 ,88.484001 ,40.0      ,32.200001  ,0.4       ,171.0     ,3.0       ,135.0      ,0.0       ,0.0       ,88.484001 ,86.659431 
1342030200,79.628006 ,89.834007 ,40.0      ,32.299999  ,1.1       ,156.0     ,4.0       ,113.0      ,0.0       ,0.0       ,89.834007 ,88.254875 
1342030500,79.772003 ,89.186005 ,40.0      ,31.799999  ,0.8       ,330.0     ,2.0       ,338.0      ,0.0       ,0.0       ,89.186005 ,87.375366 
1342030800,79.880005 ,88.25     ,40.0      ,31.5       ,0.1       ,18.0      ,2.0       ,135.0      ,0.0       ,0.0       ,88.25     ,86.26313  
1342031100,79.880005 ,87.349998 ,39.799999 ,31.700001  ,0.0       ,264.0     ,1.0       ,23.0       ,0.0       ,0.0       ,87.349998 ,85.339012 
1342031400,79.880005 ,86.125999 ,39.5      ,33.099998  ,0.1       ,176.0     ,2.0       ,135.0      ,0.0       ,0.0       ,86.125999 ,84.320488 
1342031700,79.880005 ,85.514008 ,40.0      ,33.599998  ,0.2       ,327.0     ,0.0       ,135.0      ,0.0       ,0.0       ,85.514008 ,83.795761 
1342032000,79.880005 ,84.937988 ,40.0      ,34.400002  ,0.0       ,          ,0.0       ,           ,0.0       ,0.0       ,84.937988 ,83.360947 
1342032300,79.880005 ,84.703995 ,40.0      ,35.400002  ,0.0       ,          ,0.0       ,           ,0.0       ,0.0       ,84.703995 ,83.282433 
1342032600,80.042    ,84.326004 ,40.0      ,36.099998  ,0.0       ,          ,0.0       ,           ,0.0       ,0.0       ,84.326004 ,83.025589 
1342032900,80.095993 ,85.190002 ,40.299999 ,36.299999  ,0.9       ,340.0     ,2.0       ,338.0      ,0.0       ,0.0       ,85.190002 ,83.893227 
1342033200,80.293991 ,87.314003 ,40.900002 ,34.900002  ,1.2       ,7.0       ,2.0       ,338.0      ,0.0       ,0.0       ,87.314003 ,85.892395 
1342033500,80.473984 ,88.610001 ,40.700001 ,33.400002  ,1.2       ,329.0     ,4.0       ,338.0      ,0.0       ,0.0       ,88.610001 ,87.055511 
1342033800,80.708008 ,87.620003 ,40.0      ,32.200001  ,2.3       ,333.0     ,3.0       ,338.0      ,0.0       ,0.0       ,87.620003 ,85.71228  
1342034100,80.780006 ,85.82     ,40.0      ,33.200001  ,0.9       ,0.0       ,2.0       ,338.0      ,0.0       ,0.0       ,85.82     ,84.033669 
1342034400,80.780006 ,86.251999 ,39.200001 ,32.700001  ,1.3       ,346.0     ,3.0       ,0.0        ,0.0       ,0.0       ,86.251999 ,84.383392 
1342034700,80.996002 ,87.530006 ,39.0      ,32.0       ,1.3       ,290.0     ,3.0       ,23.0       ,0.0       ,0.0       ,87.530006 ,85.580505 
1342035000,81.140007 ,88.556007 ,39.0      ,31.799999  ,1.4       ,140.0     ,4.0       ,135.0      ,0.0       ,0.0       ,88.556007 ,86.659546 
1342035300,81.140007 ,87.529991 ,38.200001 ,30.700001  ,1.6       ,343.0     ,3.0       ,338.0      ,0.0       ,0.0       ,87.529991 ,85.357048 
1342035600,81.230003 ,86.540001 ,37.900002 ,31.799999  ,0.4       ,334.0     ,2.0       ,0.0        ,0.0       ,0.0       ,86.540001 ,84.530128 
1342035900,81.32     ,86.468002 ,38.0      ,31.799999  ,0.2       ,7.0       ,2.0       ,180.0      ,0.0       ,0.0       ,86.468002 ,84.458618 
1342036200,81.158005 ,85.009995 ,38.0      ,33.0       ,0.0       ,          ,0.0       ,           ,0.0       ,0.0       ,85.009995 ,83.234558 
1342036500,81.266006 ,85.406013 ,38.400002 ,32.799999  ,0.3       ,324.0     ,2.0       ,0.0        ,0.0       ,0.0       ,85.406013 ,83.577148 
1342036800,81.32     ,84.829994 ,39.0      ,34.200001  ,0.6       ,307.0     ,3.0       ,338.0      ,0.0       ,0.0       ,84.829994 ,83.231323 
1342037100,81.356003 ,84.793991 ,38.900002 ,33.5       ,1.8       ,3.0       ,3.0       ,338.0      ,0.0       ,0.0       ,84.793991 ,83.102554 
1342037400,81.5      ,84.164001 ,37.900002 ,32.900002  ,1.8       ,356.0     ,3.0       ,338.0      ,0.0       ,0.0       ,84.164001 ,82.463623 
1342037700,81.5      ,84.199997 ,37.099998 ,33.099998  ,0.4       ,350.0     ,2.0       ,0.0        ,0.0       ,0.0       ,84.199997 ,82.519035 
1342038000,81.5      ,85.136009 ,38.0      ,35.0       ,0.2       ,184.0     ,2.0       ,135.0      ,0.0       ,0.0       ,85.136009 ,83.638344 
1342038300,81.5      ,85.49601  ,38.799999 ,34.900002  ,0.2       ,270.0     ,2.0       ,338.0      ,0.0       ,0.0       ,85.49601  ,83.97641  
1342038600,81.625992 ,84.308006 ,38.0      ,33.0       ,0.6       ,352.0     ,2.0       ,0.0        ,0.0       ,0.0       ,84.308006 ,82.601585 
1342038900,81.68     ,83.804001 ,38.0      ,34.900002  ,0.7       ,343.0     ,3.0       ,315.0      ,0.0       ,0.0       ,83.804001 ,82.39286  
1342039200,81.554001 ,83.030006 ,38.0      ,35.599998  ,0.0       ,          ,0.0       ,           ,0.0       ,0.0       ,83.030006 ,81.811821 
1342039500,81.5      ,82.63401  ,38.400002 ,37.5       ,0.0       ,          ,0.0       ,           ,0.0       ,0.0       ,82.63401  ,81.69854  
1342039800,81.5      ,82.201996 ,39.0      ,38.5       ,0.0       ,          ,0.0       ,           ,0.0       ,0.0       ,82.201996 ,81.45192  
1342040100,81.5      ,82.076004 ,39.0      ,39.799999  ,0.0       ,1.0       ,2.0       ,23.0       ,0.0       ,0.0       ,82.076004 ,81.494438 
1342040400,81.517998 ,83.425995 ,39.0      ,37.200001  ,0.5       ,352.0     ,1.0       ,0.0        ,0.0       ,0.0       ,83.425995 ,82.349678 
1342040700,81.68     ,84.344002 ,39.0      ,37.799999  ,0.3       ,338.0     ,2.0       ,248.0      ,0.0       ,0.0       ,84.344002 ,83.290985 
1342041000,81.68     ,84.847992 ,39.0      ,35.900002  ,0.1       ,336.0     ,1.0       ,293.0      ,0.0       ,0.0       ,84.847992 ,83.494118 
1342041300,81.733994 ,84.182007 ,38.299999 ,34.5       ,0.1       ,352.0     ,1.0       ,0.0        ,0.0       ,0.0       ,84.182007 ,82.677971 
1342041600,81.859993 ,84.254005 ,38.0      ,34.900002  ,0.0       ,351.0     ,2.0       ,338.0      ,0.0       ,0.0       ,84.254005 ,82.795227 
1342041900,81.859993 ,84.182007 ,37.5      ,33.099998  ,0.1       ,358.0     ,1.0       ,0.0        ,0.0       ,0.0       ,84.182007 ,82.503311 
1342042200,81.859993 ,83.714005 ,37.0      ,35.299999  ,0.0       ,          ,0.0       ,           ,0.0       ,0.0       ,83.714005 ,82.363564 
1342042500,81.859993 ,84.307999 ,38.0      ,36.0       ,0.7       ,356.0     ,4.0       ,338.0      ,0.0       ,0.0       ,84.307999 ,82.99472  
1342042800,81.877991 ,84.182007 ,38.0      ,35.0       ,0.2       ,322.0     ,2.0       ,23.0       ,0.0       ,0.0       ,84.182007 ,82.74308  
1342043100,82.039993 ,84.344002 ,38.0      ,35.599998  ,0.0       ,5.0       ,1.0       ,23.0       ,0.0       ,0.0       ,84.344002 ,82.972626 
1342043400,82.039993 ,84.650002 ,37.200001 ,33.599998  ,0.8       ,344.0     ,2.0       ,338.0      ,0.0       ,0.0       ,84.650002 ,82.984009 
1342043700,82.039993 ,84.973991 ,37.700001 ,34.799999  ,0.0       ,          ,0.0       ,           ,0.0       ,0.0       ,84.973991 ,83.452721 
1342044000,82.039993 ,85.172012 ,38.0      ,34.799999  ,0.0       ,          ,0.0       ,           ,0.0       ,0.0       ,85.172012 ,83.64328  
1342044300,82.039993 ,85.280006 ,38.0      ,33.900002  ,0.0       ,1.0       ,1.0       ,315.0      ,0.0       ,0.0       ,85.280006 ,83.614532 
1342044600,82.039993 ,85.226013 ,37.700001 ,34.099998  ,0.0       ,          ,0.0       ,           ,0.0       ,0.0       ,85.226013 ,83.591919 
1342044900,82.057999 ,85.225998 ,37.599998 ,33.799999  ,0.3       ,0.0       ,2.0       ,338.0      ,0.0       ,0.0       ,85.225998 ,83.548454 
1342045200,82.219994 ,85.009995 ,36.599998 ,32.799999  ,0.0       ,          ,0.0       ,           ,0.0       ,0.0       ,85.009995 ,83.207809 
1342045500,82.219994 ,85.207993 ,36.099998 ,31.9       ,0.0       ,          ,0.0       ,           ,0.0       ,0.0       ,85.207993 ,83.270988 
1342045800,82.219994 ,85.027992 ,34.900002 ,31.1       ,0.0       ,          ,0.0       ,           ,0.0       ,0.0       ,85.027992 ,83.007149 
1342046100,82.274002 ,85.117996 ,35.0      ,32.0       ,0.0       ,          ,0.0       ,           ,0.0       ,0.0       ,85.117996 ,83.201683 
1342046400,82.400009 ,84.775993 ,35.599998 ,33.700001  ,0.0       ,          ,0.0       ,           ,0.0       ,0.0       ,84.775993 ,83.112831 
1342046700,82.400009 ,84.362007 ,38.200001 ,39.0       ,0.0       ,          ,0.0       ,           ,0.0       ,0.0       ,84.362007 ,83.49472  
1342047000,82.400009 ,84.326004 ,38.799999 ,38.5       ,0.0       ,          ,0.0       ,           ,0.0       ,0.0       ,84.326004 ,83.380493 
1342047300,82.400009 ,84.344002 ,39.0      ,38.799999  ,0.0       ,          ,0.0       ,           ,0.0       ,0.0       ,84.344002 ,83.445152 
1342047600,82.400009 ,84.362007 ,39.400002 ,39.799999  ,0.0       ,          ,0.0       ,           ,0.0       ,0.0       ,84.362007 ,83.623589 
1342047900,82.400009 ,83.533997 ,41.400002 ,45.299999  ,0.0       ,          ,0.0       ,           ,0.0       ,0.0       ,83.533997 ,83.6772   
1342048200,82.363998 ,83.012001 ,42.700001 ,44.400002  ,0.0       ,          ,0.0       ,           ,0.0       ,0.0       ,83.012001 ,82.978546 
1342048500,82.274002 ,82.616013 ,43.0      ,43.799999  ,0.0       ,          ,0.0       ,           ,0.0       ,0.0       ,82.616013 ,82.494873 
1342048800,82.219994 ,82.18399  ,43.0      ,44.0       ,0.0       ,          ,0.0       ,           ,0.0       ,0.0       ,82.18399  ,82.109047 
1342049100,82.219994 ,81.517998 ,43.0      ,44.5       ,0.0       ,          ,0.0       ,           ,0.0       ,0.0       ,81.517998 ,81.561058 
1342049400,82.093994 ,80.815994 ,43.0      ,45.0       ,0.0       ,          ,0.0       ,           ,0.0       ,0.0       ,80.815994 ,81.007309 
1342049700,82.039993 ,80.257996 ,43.0      ,45.900002  ,0.0       ,          ,0.0       ,           ,0.0       ,0.0       ,80.257996 ,80.634926 
1342050000,81.986    ,79.573997 ,43.099998 ,47.0       ,0.0       ,          ,0.0       ,           ,0.0       ,0.0       ,79.573997 ,80.189201 
1342050300,81.859993 ,79.051994 ,43.0      ,47.0       ,0.0       ,          ,0.0       ,           ,0.0       ,0.0       ,79.051994 ,79.798637 
1342050600,81.82399  ,78.494003 ,43.200001 ,48.200001  ,0.0       ,          ,0.0       ,           ,0.0       ,0.0       ,78.494003 ,79.479973 
1342050900,81.68     ,77.791992 ,44.299999 ,51.0       ,0.0       ,          ,0.0       ,           ,0.0       ,0.0       ,77.791992 ,79.137573 
1342051200,81.68     ,77.162003 ,44.799999 ,52.5       ,0.0       ,          ,0.0       ,           ,0.0       ,0.0       ,77.162003 ,78.767334 
1342051500,81.5      ,76.225998 ,45.400002 ,53.700001  ,0.0       ,          ,0.0       ,           ,0.0       ,0.0       ,76.225998 ,78.207138 
1342051800,81.392006 ,75.524002 ,45.799999 ,52.599998  ,0.0       ,          ,0.0       ,           ,0.0       ,0.0       ,75.524002 ,77.836166 
1342052100,81.284004 ,74.840004 ,45.299999 ,52.299999  ,0.0       ,          ,0.0       ,           ,0.0       ,0.0       ,74.840004 ,74.840004 
1342052400,81.032005 ,74.012001 ,45.0      ,53.400002  ,0.0       ,          ,0.0       ,           ,0.0       ,0.0       ,74.012001 ,74.012001 
1342052700,80.923996 ,73.417992 ,45.0      ,54.599998  ,0.0       ,          ,0.0       ,           ,0.0       ,0.0       ,73.417992 ,73.417992 
1342053000,80.780006 ,72.823997 ,44.5      ,55.0       ,0.0       ,          ,0.0       ,           ,0.0       ,0.0       ,72.823997 ,72.823997 
1342053300,80.599991 ,72.589996 ,43.599998 ,56.299999  ,0.0       ,          ,0.0       ,           ,0.0       ,0.0       ,72.589996 ,72.589996 
1342053600,80.347992 ,72.121994 ,43.0      ,54.700001  ,0.0       ,          ,0.0       ,           ,0.0       ,0.0       ,72.121994 ,72.121994 
1342053900,80.239998 ,71.383995 ,43.599998 ,58.599998  ,0.0       ,          ,0.0       ,           ,0.0       ,0.0       ,71.383995 ,71.383995 
1342054200,80.077995 ,71.095993 ,44.0      ,58.700001  ,0.0       ,          ,0.0       ,           ,0.0       ,0.0       ,71.095993 ,71.095993 
1342054500,80.005997 ,70.682007 ,44.0      ,58.0       ,0.0       ,          ,0.0       ,           ,0.0       ,0.0       ,70.682007 ,70.682007 
1342054800,79.898003 ,70.124008 ,44.0      ,58.599998  ,0.0       ,          ,0.0       ,           ,0.0       ,0.0       ,70.124008 ,70.124008 
1342055100,79.880005 ,70.052002 ,43.0      ,57.900002  ,0.0       ,          ,0.0       ,           ,0.0       ,0.0       ,70.052002 ,70.052002 
1342055400,79.880005 ,69.584    ,43.0      ,58.599998  ,0.0       ,          ,0.0       ,           ,0.0       ,0.0       ,69.584    ,69.584    
1342055700,79.754013 ,69.098007 ,43.0      ,60.799999  ,0.0       ,          ,0.0       ,           ,0.0       ,0.0       ,69.098007 ,69.098007 
1342056000,79.700005 ,68.809998 ,43.0      ,61.0       ,0.0       ,          ,0.0       ,           ,0.0       ,0.0       ,68.809998 ,68.809998 
1342056300,79.790009 ,68.737991 ,43.0      ,61.0       ,0.0       ,          ,0.0       ,           ,0.0       ,0.0       ,68.737991 ,68.737991 
1342056600,79.700005 ,68.341995 ,43.0      ,60.099998  ,0.0       ,          ,0.0       ,           ,0.0       ,0.0       ,68.341995 ,68.341995 
1342056900,79.592003 ,67.892006 ,43.0      ,60.5       ,0.0       ,          ,0.0       ,           ,0.0       ,0.0       ,67.892006 ,67.892006 
1342057200,79.520004 ,67.333992 ,43.0      ,62.900002  ,0.0       ,          ,0.0       ,           ,0.0       ,0.0       ,67.333992 ,67.333992 
1342057500,79.357986 ,67.028    ,42.099998 ,62.299999  ,0.0       ,          ,0.0       ,           ,0.0       ,0.0       ,67.028    ,67.028    
1342057800,79.321999 ,66.542    ,42.0      ,62.900002  ,0.0       ,          ,0.0       ,           ,0.0       ,0.0       ,66.542    ,66.542    
1342058100,79.160011 ,66.542    ,42.0      ,62.0       ,0.0       ,          ,0.0       ,           ,0.0       ,0.0       ,66.542    ,66.542    
1342058400,79.160011 ,66.416    ,42.0      ,64.400002  ,0.0       ,          ,0.0       ,           ,0.0       ,0.0       ,66.416    ,66.416    
1342058700,79.160011 ,66.470001 ,42.0      ,64.0       ,0.0       ,          ,0.0       ,           ,0.0       ,0.0       ,66.470001 ,66.470001 
1342059000,79.124001 ,66.146011 ,42.0      ,63.700001  ,0.0       ,          ,0.0       ,           ,0.0       ,0.0       ,66.146011 ,66.146011 
1342059300,79.033997 ,65.875999 ,42.0      ,65.800003  ,0.0       ,          ,0.0       ,           ,0.0       ,0.0       ,65.875999 ,65.875999 
1342059600,78.979996 ,65.461998 ,42.0      ,69.099998  ,0.0       ,324.0     ,1.0       ,315.0      ,0.0       ,0.0       ,65.461998 ,65.461998 
1342059900,78.979996 ,65.353996 ,42.0      ,67.699997  ,0.0       ,          ,0.0       ,           ,0.0       ,0.0       ,65.353996 ,65.353996 
1342060200,78.979996 ,65.353989 ,42.0      ,66.800003  ,0.0       ,          ,0.0       ,           ,0.0       ,0.0       ,65.353989 ,65.353989 
1342060500,78.979996 ,65.119995 ,42.0      ,67.599998  ,0.0       ,          ,0.0       ,           ,0.0       ,0.0       ,65.119995 ,65.119995 
1342060800,78.926003 ,65.012001 ,42.0      ,67.5       ,0.0       ,          ,0.0       ,           ,0.0       ,0.0       ,65.012001 ,65.012001 
1342061100,78.817993 ,64.975998 ,41.299999 ,68.400002  ,0.0       ,          ,0.0       ,           ,0.0       ,0.0       ,64.975998 ,64.975998 
1342061400,78.799995 ,64.526009 ,41.5      ,67.400002  ,0.0       ,          ,0.0       ,           ,0.0       ,0.0       ,64.526009 ,64.526009 
1342061700,78.799995 ,64.309998 ,41.0      ,68.800003  ,0.0       ,          ,0.0       ,           ,0.0       ,0.0       ,64.309998 ,64.309998 
1342062000,78.727997 ,64.147995 ,41.400002 ,68.400002  ,0.0       ,          ,0.0       ,           ,0.0       ,0.0       ,64.147995 ,64.147995 
1342062300,78.619995 ,63.949993 ,42.0      ,67.599998  ,0.0       ,          ,0.0       ,           ,0.0       ,0.0       ,63.949993 ,63.949993 
1342062600,78.619995 ,63.877998 ,42.0      ,68.800003  ,0.0       ,          ,0.0       ,           ,0.0       ,0.0       ,63.877998 ,63.877998 
1342062900,78.440002 ,63.661999 ,42.0      ,69.599998  ,0.0       ,          ,0.0       ,           ,0.0       ,0.0       ,63.661999 ,63.661999 
1342063200,78.440002 ,63.69799  ,42.0      ,71.5       ,0.0       ,          ,0.0       ,           ,0.0       ,0.0       ,63.69799  ,63.69799  
1342063500,78.278008 ,63.679993 ,42.0      ,68.5       ,0.0       ,          ,0.0       ,           ,0.0       ,0.0       ,63.679993 ,63.679993 
1342063800,78.260002 ,63.374004 ,42.0      ,68.300003  ,0.0       ,          ,0.0       ,           ,0.0       ,0.0       ,63.374004 ,63.374004 
1342064100,78.242004 ,63.140007 ,42.0      ,70.699997  ,0.0       ,          ,0.0       ,           ,0.0       ,0.0       ,63.140007 ,63.140007 
1342064400,78.080009 ,63.140007 ,42.0      ,70.900002  ,0.0       ,          ,0.0       ,           ,0.0       ,0.0       ,63.140007 ,63.140007 
1342064700,78.080009 ,63.230003 ,42.0      ,69.900002  ,0.0       ,          ,0.0       ,           ,0.0       ,0.0       ,63.230003 ,63.230003 
1342065000,78.062012 ,63.212006 ,42.0      ,72.5       ,0.0       ,          ,0.0       ,           ,0.0       ,0.0       ,63.212006 ,63.212006 
1342065300,77.900009 ,63.104012 ,42.0      ,70.800003  ,0.0       ,          ,0.0       ,           ,0.0       ,0.0       ,63.104012 ,63.104012 
1342065600,77.900009 ,63.140007 ,42.0      ,71.400002  ,0.0       ,          ,0.0       ,           ,0.0       ,0.0       ,63.140007 ,63.140007 
1342065900,77.900009 ,63.230003 ,42.599998 ,70.400002  ,0.0       ,          ,0.0       ,           ,0.0       ,0.0       ,63.230003 ,63.230003 
1342066200,77.791992 ,62.870003 ,43.0      ,70.0       ,0.0       ,          ,0.0       ,           ,0.0       ,0.0       ,62.870003 ,62.870003 
1342066500,77.719994 ,62.563995 ,43.0      ,70.900002  ,0.0       ,          ,0.0       ,           ,0.0       ,0.0       ,62.563995 ,62.563995 
1342066800,77.666    ,62.311993 ,43.0      ,71.099998  ,0.0       ,          ,0.0       ,           ,0.0       ,0.0       ,62.311993 ,62.311993 
1342067100,77.539993 ,62.132    ,43.0      ,71.800003  ,0.0       ,          ,0.0       ,           ,0.0       ,0.0       ,62.132    ,62.132    
1342067400,77.539993 ,62.023998 ,43.0      ,72.300003  ,0.0       ,          ,0.0       ,           ,0.0       ,0.0       ,62.023998 ,62.023998 
1342067700,77.521996 ,61.879997 ,43.0      ,73.099998  ,0.0       ,          ,0.0       ,           ,0.0       ,0.0       ,61.879997 ,61.879997 
1342068000,77.359993 ,61.754005 ,43.0      ,75.099998  ,0.0       ,          ,0.0       ,           ,0.0       ,0.0       ,61.754005 ,61.754005 
1342068300,77.359993 ,61.790001 ,43.0      ,73.400002  ,0.0       ,          ,0.0       ,           ,0.0       ,0.0       ,61.790001 ,61.790001 
1342068600,77.269997 ,61.718006 ,43.0      ,73.0       ,0.0       ,          ,0.0       ,           ,0.0       ,0.0       ,61.718006 ,61.718006 
1342068900,77.18     ,61.772003 ,43.0      ,73.5       ,0.0       ,          ,0.0       ,           ,0.0       ,0.0       ,61.772003 ,61.772003 
1342069200,77.18     ,61.573997 ,43.0      ,75.099998  ,0.0       ,          ,0.0       ,           ,0.0       ,0.0       ,61.573997 ,61.573997 
1342069500,77.035995 ,61.447998 ,43.0      ,75.400002  ,0.0       ,          ,0.0       ,           ,0.0       ,0.0       ,61.447998 ,61.447998 
1342069800,77.0      ,61.394001 ,43.299999 ,79.900002  ,0.0       ,          ,0.0       ,           ,0.0       ,0.0       ,61.394001 ,61.394001 
1342070100,77.0      ,61.340004 ,43.599998 ,78.099998  ,0.0       ,          ,0.0       ,           ,0.0       ,0.0       ,61.340004 ,61.340004 
1342070400,76.82     ,61.034004 ,43.799999 ,81.599998  ,0.0       ,          ,0.0       ,           ,0.0       ,0.0       ,61.034004 ,61.034004 
1342070700,76.82     ,61.105999 ,44.0      ,78.5       ,0.0       ,          ,0.0       ,           ,0.0       ,0.0       ,61.105999 ,61.105999 
1342071000,76.82     ,61.178001 ,44.0      ,77.400002  ,0.0       ,          ,0.0       ,           ,0.0       ,0.0       ,61.178001 ,61.178001 
1342071300,76.640007 ,60.961998 ,44.0      ,76.699997  ,0.0       ,          ,0.0       ,           ,0.0       ,0.0       ,60.961998 ,60.961998 
1342071600,76.640007 ,60.890003 ,44.0      ,77.900002  ,0.0       ,          ,0.0       ,           ,0.0       ,0.0       ,60.890003 ,60.890003 
1342071900,76.514008 ,60.709999 ,44.0      ,78.400002  ,0.0       ,          ,0.0       ,           ,0.0       ,0.0       ,60.709999 ,60.709999 
1342072200,76.460007 ,60.457996 ,44.0      ,79.300003  ,0.0       ,          ,0.0       ,           ,0.0       ,0.0       ,60.457996 ,60.457996 
1342072500,76.460007 ,60.620003 ,44.0      ,79.400002  ,0.0       ,          ,0.0       ,           ,0.0       ,0.0       ,60.620003 ,60.620003 
1342072800,76.423996 ,60.565998 ,44.0      ,79.800003  ,0.0       ,          ,0.0       ,           ,0.0       ,0.0       ,60.565998 ,60.565998 
1342073100,76.280006 ,60.439995 ,44.0      ,79.599998  ,0.0       ,          ,0.0       ,           ,0.0       ,0.0       ,60.439995 ,60.439995 
1342073400,76.280006 ,60.403999 ,44.0      ,80.599998  ,0.0       ,          ,0.0       ,           ,0.0       ,0.0       ,60.403999 ,60.403999 
1342073700,76.207993 ,60.439995 ,44.0      ,80.300003  ,0.0       ,          ,0.0       ,           ,0.0       ,0.0       ,60.439995 ,60.439995 
1342074000,76.099991 ,60.314003 ,44.200001 ,80.800003  ,0.0       ,          ,0.0       ,           ,0.0       ,0.0       ,60.314003 ,60.314003 
1342074300,76.099991 ,60.349998 ,44.900002 ,81.400002  ,0.0       ,          ,0.0       ,           ,0.0       ,0.0       ,60.349998 ,60.349998 
1342074600,76.099991 ,60.439995 ,45.0      ,82.400002  ,0.0       ,          ,0.0       ,           ,0.0       ,0.0       ,60.439995 ,60.439995 
1342074900,76.099991 ,60.583996 ,45.0      ,82.800003  ,0.0       ,          ,0.0       ,           ,0.0       ,0.0       ,60.583996 ,60.583996 
1342075200,75.919991 ,60.638    ,45.0      ,82.099998  ,0.0       ,          ,0.0       ,           ,0.0       ,0.0       ,60.638    ,60.638    
1342075500,75.919991 ,60.583996 ,45.0      ,85.400002  ,0.0       ,          ,0.0       ,           ,0.0       ,0.0       ,60.583996 ,60.583996 
1342075800,75.919991 ,60.403999 ,45.0      ,83.400002  ,0.0       ,          ,0.0       ,           ,0.0       ,0.0       ,60.403999 ,60.403999 
1342076100,75.775993 ,60.349998 ,44.200001 ,82.699997  ,0.0       ,          ,0.0       ,           ,0.0       ,0.0       ,60.349998 ,60.349998 
1342076400,75.739998 ,60.314003 ,44.0      ,84.900002  ,0.0       ,          ,0.0       ,           ,0.0       ,0.0       ,60.314003 ,60.314003 
1342076700,75.739998 ,60.170006 ,44.0      ,86.900002  ,0.0       ,          ,0.0       ,           ,0.0       ,0.0       ,60.170006 ,60.170006 
1342077000,75.649994 ,60.170006 ,44.0      ,84.599998  ,0.0       ,          ,0.0       ,           ,0.0       ,0.0       ,60.170006 ,60.170006 
1342077300,75.559998 ,60.439995 ,44.0      ,83.699997  ,0.0       ,          ,0.0       ,           ,0.0       ,0.0       ,60.439995 ,60.439995 
1342077600,75.559998 ,60.260002 ,44.0      ,85.099998  ,0.0       ,          ,0.0       ,           ,0.0       ,0.0       ,60.260002 ,60.260002 
1342077900,75.487999 ,59.972004 ,44.0      ,87.0       ,0.0       ,          ,0.0       ,           ,0.0       ,0.0       ,59.972004 ,59.972004 
1342078200,75.380005 ,60.13401  ,44.0      ,85.699997  ,0.0       ,          ,0.0       ,           ,0.0       ,0.0       ,60.13401  ,60.13401  
1342078500,75.380005 ,60.421997 ,44.0      ,85.5       ,0.0       ,          ,0.0       ,           ,0.0       ,0.0       ,60.421997 ,60.421997 
1342078800,75.380005 ,60.476002 ,44.0      ,84.599998  ,0.0       ,          ,0.0       ,           ,0.0       ,0.0       ,60.476002 ,60.476002 
1342079100,75.380005 ,60.421997 ,44.0      ,84.0       ,0.0       ,          ,0.0       ,           ,0.0       ,0.0       ,60.421997 ,60.421997 
1342079400,75.200005 ,60.296001 ,45.0      ,83.5       ,0.0       ,          ,0.0       ,           ,0.0       ,0.0       ,60.296001 ,60.296001 
1342079700,75.200005 ,60.385998 ,45.0      ,86.199997  ,0.0       ,          ,0.0       ,           ,0.0       ,0.0       ,60.385998 ,60.385998 
1342080000,75.200005 ,60.332001 ,45.0      ,85.599998  ,0.0       ,          ,0.0       ,           ,0.0       ,0.0       ,60.332001 ,60.332001 
1342080300,75.056    ,60.170006 ,45.0      ,86.199997  ,0.0       ,          ,0.0       ,           ,0.0       ,0.0       ,60.170006 ,60.170006 
1342080600,75.020004 ,59.900002 ,45.0      ,89.099998  ,0.0       ,          ,0.0       ,           ,0.0       ,0.0       ,59.900002 ,59.900002 
1342080900,75.020004 ,59.881996 ,45.0      ,87.199997  ,0.0       ,          ,0.0       ,           ,0.0       ,0.0       ,59.881996 ,59.881996 
1342081200,74.893997 ,59.719994 ,45.0      ,85.300003  ,0.0       ,          ,0.0       ,           ,0.0       ,0.0       ,59.719994 ,59.719994 
1342081500,74.839989 ,59.846001 ,45.0      ,85.900002  ,0.0       ,          ,0.0       ,           ,0.0       ,0.0       ,59.846001 ,59.846001 
1342081800,74.839989 ,59.845997 ,45.0      ,86.199997  ,0.0       ,          ,0.0       ,           ,0.0       ,0.0       ,59.845997 ,59.845997 
1342082100,74.821999 ,59.449993 ,45.0      ,86.900002  ,0.0       ,          ,0.0       ,           ,0.0       ,0.0       ,59.449993 ,59.449993 
1342082400,74.660011 ,59.323994 ,45.0      ,87.400002  ,0.0       ,          ,0.0       ,           ,0.0       ,0.0       ,59.323994 ,59.323994 
1342082700,74.660011 ,59.341991 ,45.0      ,87.5       ,0.0       ,          ,0.0       ,           ,0.0       ,0.0       ,59.341991 ,59.341991 
1342083000,74.660011 ,59.251995 ,45.0      ,88.699997  ,0.0       ,          ,0.0       ,           ,0.0       ,0.0       ,59.251995 ,59.251995 
1342083300,74.660011 ,59.395988 ,45.0      ,87.300003  ,0.0       ,          ,0.0       ,           ,0.0       ,0.0       ,59.395988 ,59.395988 
1342083600,74.515999 ,59.683998 ,45.0      ,88.099998  ,0.0       ,          ,0.0       ,           ,0.0       ,0.0       ,59.683998 ,59.683998 
1342083900,74.479996 ,59.665997 ,45.0      ,88.900002  ,0.0       ,          ,0.0       ,           ,0.0       ,0.0       ,59.665997 ,59.665997 
1342084200,74.479996 ,59.701996 ,45.0      ,87.400002  ,0.0       ,          ,0.0       ,           ,0.0       ,0.0       ,59.701996 ,59.701996 
1342084500,74.479996 ,59.719994 ,45.0      ,87.5       ,0.0       ,          ,0.0       ,           ,0.0       ,0.0       ,59.719994 ,59.719994 
