1336296000,69.799995 ,39.98     ,35.833332 ,91.666664  ,0.0       ,          ,0.0       ,           ,0.0       ,0.0       ,39.98     ,39.98     
1336296300,69.799995 ,39.865997 ,35.0      ,91.5       ,0.0       ,          ,0.0       ,           ,0.0       ,0.0       ,39.865997 ,39.865997 
1336296600,69.799995 ,39.470001 ,35.0      ,91.699997  ,0.0       ,          ,0.0       ,           ,0.0       ,0.0       ,39.470001 ,39.470001 
1336296900,69.799995 ,39.398003 ,35.0      ,92.699997  ,0.0       ,          ,0.0       ,           ,0.0       ,0.0       ,39.398003 ,39.398003 
1336297200,69.799995 ,39.380001 ,35.0      ,93.300003  ,0.0       ,          ,0.0       ,           ,0.0       ,0.0       ,39.380001 ,39.380001 
1336297500,69.799995 ,39.254005 ,35.0      ,93.0       ,0.0       ,          ,0.0       ,           ,0.0       ,0.0       ,39.254005 ,39.254005 
1336297800,69.692001 ,39.380001 ,35.0      ,91.900002  ,0.0       ,          ,0.0       ,           ,0.0       ,0.0       ,39.380001 ,39.380001 
1336298100,69.619995 ,39.236004 ,35.0      ,90.5       ,0.0       ,          ,0.0       ,           ,0.0       ,0.0       ,39.236004 ,39.236004 
1336298400,69.619995 ,38.857998 ,35.0      ,89.400002  ,0.0       ,          ,0.0       ,           ,0.0       ,0.0       ,38.857998 ,38.857998 
1336298700,69.440002 ,38.732002 ,35.0      ,89.400002  ,0.0       ,          ,0.0       ,           ,0.0       ,0.0       ,38.732002 ,38.732002 
1336299000,69.584    ,39.326004 ,35.0      ,91.300003  ,0.0       ,          ,0.0       ,           ,0.0       ,0.0       ,39.326004 ,39.326004 
1336299300,70.124008 ,39.613998 ,35.0      ,94.199997  ,0.0       ,          ,0.0       ,           ,0.0       ,0.0       ,39.613998 ,39.613998 
1336299600,71.005997 ,39.560001 ,34.099998 ,96.0       ,0.0       ,          ,0.0       ,           ,0.0       ,0.0       ,39.560001 ,39.560001 
1336299900,71.473984 ,39.577999 ,34.0      ,96.0       ,0.0       ,          ,0.0       ,           ,0.0       ,0.0       ,39.577999 ,39.577999 
1336300200,71.599991 ,40.118    ,34.0      ,95.0       ,0.0       ,          ,0.0       ,           ,0.0       ,0.0       ,40.118    ,40.118    
1336300500,71.491989 ,40.532001 ,34.0      ,94.0       ,0.0       ,          ,0.0       ,           ,0.0       ,0.0       ,40.532001 ,40.532001 
1336300800,71.419991 ,40.91     ,34.299999 ,94.0       ,0.0       ,          ,0.0       ,           ,0.0       ,0.0       ,40.91     ,40.91     
1336301100,71.275993 ,41.071999 ,35.0      ,93.300003  ,0.0       ,          ,0.0       ,           ,0.0       ,0.0       ,41.071999 ,41.071999 
1336301400,71.222    ,41.414001 ,35.0      ,94.0       ,0.0       ,          ,0.0       ,           ,0.0       ,0.0       ,41.414001 ,41.414001 
1336301700,71.059998 ,41.918007 ,35.0      ,94.0       ,0.0       ,          ,0.0       ,           ,0.0       ,0.0       ,41.918007 ,41.918007 
1336302000,70.934006 ,42.188007 ,35.0      ,94.699997  ,0.0       ,          ,0.0       ,           ,0.0       ,0.0       ,42.188007 ,42.188007 
1336302300,70.844009 ,42.296005 ,35.0      ,96.699997  ,0.0       ,          ,0.0       ,           ,0.0       ,0.0       ,42.296005 ,42.296005 
1336302600,70.700005 ,42.547997 ,35.0      ,97.0       ,0.0       ,          ,0.0       ,           ,0.0       ,0.0       ,42.547997 ,42.547997 
1336302900,70.591995 ,43.087997 ,35.0      ,96.300003  ,0.0       ,          ,0.0       ,           ,0.0       ,0.0       ,43.087997 ,43.087997 
1336303200,70.520004 ,43.393997 ,35.0      ,96.5       ,0.0       ,          ,0.0       ,           ,0.0       ,0.0       ,43.393997 ,43.393997 
1336303500,70.520004 ,43.628006 ,35.0      ,95.099998  ,0.0       ,          ,0.0       ,           ,0.0       ,0.0       ,43.628006 ,43.628006 
1336303800,70.520004 ,43.987999 ,35.0      ,92.699997  ,0.0       ,          ,0.0       ,           ,0.0       ,0.0       ,43.987999 ,43.987999 
1336304100,70.520004 ,44.528004 ,35.0      ,92.300003  ,0.0       ,          ,0.0       ,           ,0.0       ,0.0       ,44.528004 ,44.528004 
1336304400,70.520004 ,44.960003 ,35.0      ,93.599998  ,0.0       ,          ,0.0       ,           ,0.0       ,0.0       ,44.960003 ,44.960003 
1336304700,70.429993 ,45.446003 ,35.0      ,94.0       ,0.0       ,          ,0.0       ,           ,0.0       ,0.0       ,45.446003 ,45.446003 
1336305000,70.339989 ,45.859997 ,35.0      ,94.0       ,0.0       ,          ,0.0       ,           ,0.0       ,0.0       ,45.859997 ,45.859997 
1336305300,70.339989 ,46.562004 ,35.0      ,93.400002  ,0.0       ,          ,0.0       ,           ,0.0       ,0.0       ,46.562004 ,46.562004 
1336305600,70.268005 ,47.426003 ,35.0      ,92.400002  ,0.0       ,          ,0.0       ,           ,0.0       ,0.0       ,47.426003 ,47.426003 
1336305900,70.160011 ,48.002003 ,35.0      ,91.099998  ,0.0       ,          ,0.0       ,           ,0.0       ,0.0       ,48.002003 ,48.002003 
1336306200,70.160011 ,48.164001 ,35.0      ,89.800003  ,0.0       ,          ,0.0       ,           ,0.0       ,0.0       ,48.164001 ,48.164001 
1336306500,70.106003 ,48.470001 ,35.0      ,89.0       ,0.0       ,          ,0.0       ,           ,0.0       ,0.0       ,48.470001 ,48.470001 
1336306800,69.979996 ,48.667995 ,35.0      ,89.800003  ,0.0       ,          ,0.0       ,           ,0.0       ,0.0       ,48.667995 ,48.667995 
1336307100,70.142006 ,49.298004 ,35.0      ,88.5       ,0.0       ,          ,0.0       ,           ,0.0       ,0.0       ,49.298004 ,49.298004 
1336307400,70.160011 ,50.233997 ,35.0      ,86.5       ,0.0       ,          ,0.0       ,           ,0.0       ,0.0       ,50.233997 ,50.233997 
1336307700,70.160011 ,50.809998 ,35.0      ,84.0       ,0.0       ,          ,0.0       ,           ,0.0       ,0.0       ,50.809998 ,50.809998 
1336308000,70.339989 ,51.620003 ,35.299999 ,82.800003  ,0.2       ,141.0     ,1.0       ,158.0      ,0.0       ,0.0       ,51.620003 ,51.620003 
1336308300,70.339989 ,52.358002 ,35.0      ,80.099998  ,0.0       ,101.0     ,1.0       ,135.0      ,0.0       ,0.0       ,52.358002 ,52.358002 
1336308600,70.339989 ,53.077995 ,35.900002 ,78.599998  ,0.0       ,          ,0.0       ,           ,0.0       ,0.0       ,53.077995 ,53.077995 
1336308900,70.339989 ,53.455994 ,36.0      ,77.800003  ,0.0       ,          ,0.0       ,           ,0.0       ,0.0       ,53.455994 ,53.455994 
1336309200,70.339989 ,54.050007 ,37.0      ,75.900002  ,0.0       ,172.0     ,2.0       ,135.0      ,0.0       ,0.0       ,54.050007 ,54.050007 
1336309500,70.412003 ,55.598003 ,37.0      ,74.400002  ,1.2       ,142.0     ,3.0       ,158.0      ,0.0       ,0.0       ,55.598003 ,55.598003 
1336309800,70.520004 ,56.029999 ,37.700001 ,72.5       ,0.6       ,136.0     ,2.0       ,135.0      ,0.0       ,0.0       ,56.029999 ,56.029999 
1336310100,70.520004 ,56.48     ,38.0      ,72.5       ,1.6       ,160.0     ,4.0       ,135.0      ,0.0       ,0.0       ,56.48     ,56.48     
1336310400,70.610001 ,57.092003 ,38.0      ,69.900002  ,0.0       ,          ,0.0       ,           ,0.0       ,0.0       ,57.092003 ,57.092003 
1336310700,70.700005 ,57.613995 ,37.5      ,71.0       ,0.0       ,11.0      ,1.0       ,135.0      ,0.0       ,0.0       ,57.613995 ,57.613995 
1336311000,70.790001 ,58.243999 ,37.0      ,70.800003  ,0.8       ,5.0       ,2.0       ,338.0      ,0.0       ,0.0       ,58.243999 ,58.243999 
1336311300,70.880005 ,58.568001 ,37.400002 ,66.699997  ,0.1       ,10.0      ,0.0       ,338.0      ,0.0       ,0.0       ,58.568001 ,58.568001 
1336311600,71.005997 ,59.720001 ,37.0      ,67.0       ,1.5       ,144.0     ,4.0       ,135.0      ,0.0       ,0.0       ,59.720001 ,59.720001 
1336311900,71.059998 ,60.601997 ,37.0      ,66.5       ,0.7       ,166.0     ,2.0       ,113.0      ,0.0       ,0.0       ,60.601997 ,60.601997 
1336312200,71.059998 ,60.907997 ,37.0      ,64.900002  ,1.0       ,148.0     ,3.0       ,113.0      ,0.0       ,0.0       ,60.907997 ,60.907997 
1336312500,71.059998 ,61.844002 ,37.0      ,66.300003  ,1.4       ,135.0     ,3.0       ,90.0       ,0.0       ,0.0       ,61.844002 ,61.844002 
1336312800,71.059998 ,62.401997 ,37.0      ,65.400002  ,0.4       ,154.0     ,2.0       ,113.0      ,0.0       ,0.0       ,62.401997 ,62.401997 
1336313100,71.059998 ,63.445995 ,37.0      ,65.099998  ,0.6       ,144.0     ,2.0       ,135.0      ,0.0       ,0.0       ,63.445995 ,63.445995 
1336313400,71.059998 ,64.094002 ,37.0      ,61.700001  ,0.6       ,228.0     ,3.0       ,293.0      ,0.0       ,0.0       ,64.094002 ,64.094002 
1336313700,71.059998 ,65.119995 ,37.0      ,62.400002  ,0.0       ,          ,0.0       ,           ,0.0       ,0.0       ,65.119995 ,65.119995 
1336314000,71.167992 ,65.516006 ,37.0      ,57.900002  ,0.8       ,324.0     ,4.0       ,135.0      ,0.0       ,0.0       ,65.516006 ,65.516006 
1336314300,71.239998 ,66.344002 ,37.0      ,59.299999  ,1.2       ,324.0     ,4.0       ,0.0        ,0.0       ,0.0       ,66.344002 ,66.344002 
1336314600,71.401993 ,66.091995 ,37.0      ,59.799999  ,0.4       ,3.0       ,3.0       ,180.0      ,0.0       ,0.0       ,66.091995 ,66.091995 
1336314900,71.419991 ,65.534004 ,37.0      ,60.200001  ,0.0       ,          ,0.0       ,           ,0.0       ,0.0       ,65.534004 ,65.534004 
1336315200,71.545998 ,65.300003 ,37.099998 ,61.400002  ,0.4       ,151.0     ,3.0       ,338.0      ,0.0       ,0.0       ,65.300003 ,65.300003 
1336315500,71.599991 ,65.227997 ,37.0      ,59.900002  ,1.6       ,132.0     ,3.0       ,135.0      ,0.0       ,0.0       ,65.227997 ,65.227997 
1336315800,71.599991 ,65.588013 ,37.900002 ,59.200001  ,2.2       ,136.0     ,5.0       ,135.0      ,0.0       ,0.0       ,65.588013 ,65.588013 
1336316100,71.780006 ,66.001999 ,37.0      ,58.299999  ,1.6       ,139.0     ,3.0       ,135.0      ,0.0       ,0.0       ,66.001999 ,66.001999 
1336316400,71.780006 ,65.713997 ,37.0      ,54.099998  ,0.2       ,10.0      ,1.0       ,23.0       ,0.0       ,0.0       ,65.713997 ,65.713997 
1336316700,71.780006 ,66.091995 ,37.0      ,59.400002  ,0.4       ,102.0     ,3.0       ,23.0       ,0.0       ,0.0       ,66.091995 ,66.091995 
1336317000,71.780006 ,66.326004 ,37.0      ,57.700001  ,1.6       ,22.0      ,4.0       ,23.0       ,0.0       ,0.0       ,66.326004 ,66.326004 
1336317300,71.780006 ,65.984009 ,37.599998 ,56.900002  ,1.6       ,27.0      ,4.0       ,23.0       ,0.0       ,0.0       ,65.984009 ,65.984009 
1336317600,71.780006 ,66.019997 ,38.0      ,56.200001  ,0.1       ,348.0     ,2.0       ,23.0       ,0.0       ,0.0       ,66.019997 ,66.019997 
1336317900,71.780006 ,65.677994 ,38.0      ,56.099998  ,0.2       ,358.0     ,2.0       ,315.0      ,0.0       ,0.0       ,65.677994 ,65.677994 
1336318200,71.870003 ,65.642006 ,38.0      ,54.200001  ,2.2       ,356.0     ,4.0       ,0.0        ,0.0       ,0.0       ,65.642006 ,65.642006 
1336318500,71.978004 ,66.307999 ,38.0      ,56.900002  ,1.4       ,344.0     ,6.0       ,315.0      ,0.0       ,0.0       ,66.307999 ,66.307999 
1336318800,72.140007 ,67.244003 ,38.0      ,58.0       ,1.0       ,241.0     ,3.0       ,45.0       ,0.0       ,0.0       ,67.244003 ,67.244003 
1336319100,72.140007 ,66.938004 ,38.200001 ,54.900002  ,1.6       ,32.0      ,4.0       ,23.0       ,0.0       ,0.0       ,66.938004 ,66.938004 
1336319400,72.050003 ,65.750008 ,38.0      ,52.799999  ,2.2       ,5.0       ,3.0       ,23.0       ,0.0       ,0.0       ,65.750008 ,65.750008 
1336319700,71.960007 ,66.721992 ,38.0      ,54.099998  ,2.2       ,6.0       ,4.0       ,23.0       ,0.0       ,0.0       ,66.721992 ,66.721992 
1336320000,71.960007 ,66.361992 ,38.0      ,52.5       ,1.8       ,349.0     ,6.0       ,315.0      ,0.0       ,0.0       ,66.361992 ,66.361992 
1336320300,71.960007 ,66.902    ,38.0      ,51.400002  ,1.8       ,5.0       ,4.0       ,23.0       ,0.0       ,0.0       ,66.902    ,66.902    
1336320600,71.960007 ,67.262001 ,38.400002 ,54.200001  ,0.8       ,99.0      ,3.0       ,45.0       ,0.0       ,0.0       ,67.262001 ,67.262001 
1336320900,71.960007 ,66.775993 ,39.0      ,53.799999  ,1.2       ,18.0      ,3.0       ,158.0      ,0.0       ,0.0       ,66.775993 ,66.775993 
1336321200,71.960007 ,66.182007 ,39.0      ,54.400002  ,1.0       ,18.0      ,3.0       ,23.0       ,0.0       ,0.0       ,66.182007 ,66.182007 
1336321500,71.960007 ,65.624001 ,39.0      ,53.700001  ,0.8       ,350.0     ,2.0       ,23.0       ,0.0       ,0.0       ,65.624001 ,65.624001 
1336321800,71.960007 ,65.371994 ,38.599998 ,52.799999  ,1.2       ,358.0     ,4.0       ,0.0        ,0.0       ,0.0       ,65.371994 ,65.371994 
1336322100,71.960007 ,65.426003 ,38.200001 ,53.700001  ,1.8       ,358.0     ,4.0       ,0.0        ,0.0       ,0.0       ,65.426003 ,65.426003 
1336322400,72.086014 ,66.595993 ,38.700001 ,54.400002  ,1.2       ,36.0      ,5.0       ,45.0       ,0.0       ,0.0       ,66.595993 ,66.595993 
1336322700,72.140007 ,66.973999 ,39.0      ,50.599998  ,1.4       ,299.0     ,4.0       ,315.0      ,0.0       ,0.0       ,66.973999 ,66.973999 
1336323000,72.140007 ,66.919998 ,37.700001 ,46.599998  ,2.8       ,347.0     ,6.0       ,338.0      ,0.0       ,0.0       ,66.919998 ,66.919998 
1336323300,72.104012 ,66.181992 ,37.0      ,46.599998  ,3.0       ,338.0     ,4.0       ,315.0      ,0.0       ,0.0       ,66.181992 ,66.181992 
1336323600,71.960007 ,65.73201  ,36.200001 ,47.5       ,1.8       ,20.0      ,4.0       ,45.0       ,0.0       ,0.0       ,65.73201  ,65.73201  
1336323900,71.960007 ,65.659996 ,36.0      ,46.900002  ,1.8       ,7.0       ,3.0       ,338.0      ,0.0       ,0.0       ,65.659996 ,65.659996 
1336324200,71.960007 ,66.127998 ,36.0      ,48.099998  ,1.4       ,12.0      ,3.0       ,338.0      ,0.0       ,0.0       ,66.127998 ,66.127998 
1336324500,71.960007 ,65.749992 ,36.0      ,46.0       ,2.6       ,0.0       ,4.0       ,338.0      ,0.0       ,0.0       ,65.749992 ,65.749992 
1336324800,71.996002 ,65.912003 ,36.0      ,47.0       ,1.4       ,350.0     ,4.0       ,0.0        ,0.0       ,0.0       ,65.912003 ,65.912003 
1336325100,72.140007 ,66.650002 ,36.0      ,47.799999  ,1.6       ,16.0      ,4.0       ,203.0      ,0.0       ,0.0       ,66.650002 ,66.650002 
1336325400,72.158005 ,66.164009 ,36.400002 ,48.0       ,0.2       ,27.0      ,2.0       ,23.0       ,0.0       ,0.0       ,66.164009 ,66.164009 
1336325700,72.32     ,66.361992 ,37.0      ,48.599998  ,0.6       ,4.0       ,3.0       ,338.0      ,0.0       ,0.0       ,66.361992 ,66.361992 
1336326000,72.445999 ,66.290001 ,37.0      ,44.0       ,2.8       ,3.0       ,5.0       ,338.0      ,0.0       ,0.0       ,66.290001 ,66.290001 
1336326300,72.535995 ,66.829994 ,37.0      ,48.200001  ,1.6       ,36.0      ,3.0       ,45.0       ,0.0       ,0.0       ,66.829994 ,66.829994 
1336326600,72.733994 ,68.593994 ,37.0      ,47.599998  ,1.2       ,356.0     ,4.0       ,23.0       ,0.0       ,0.0       ,68.593994 ,68.593994 
1336326900,72.877991 ,70.789993 ,37.0      ,45.5       ,1.6       ,27.0      ,3.0       ,23.0       ,0.0       ,0.0       ,70.789993 ,70.789993 
1336327200,73.039993 ,70.754005 ,37.0      ,44.5       ,2.0       ,2.0       ,4.0       ,315.0      ,0.0       ,0.0       ,70.754005 ,70.754005 
1336327500,73.147995 ,70.574005 ,37.0      ,45.0       ,2.0       ,6.0       ,3.0       ,338.0      ,0.0       ,0.0       ,70.574005 ,70.574005 
1336327800,73.219994 ,70.177994 ,37.0      ,42.900002  ,1.4       ,22.0      ,4.0       ,0.0        ,0.0       ,0.0       ,70.177994 ,70.177994 
1336328100,73.292007 ,70.304001 ,37.0      ,42.599998  ,1.8       ,8.0       ,4.0       ,315.0      ,0.0       ,0.0       ,70.304001 ,70.304001 
1336328400,73.436005 ,71.527992 ,36.799999 ,44.599998  ,2.0       ,302.0     ,6.0       ,338.0      ,0.0       ,0.0       ,71.527992 ,71.527992 
1336328700,73.580009 ,72.212006 ,36.0      ,41.799999  ,1.6       ,25.0      ,4.0       ,23.0       ,0.0       ,0.0       ,72.212006 ,72.212006 
1336329000,73.688004 ,71.419998 ,36.0      ,42.200001  ,1.9       ,32.0      ,4.0       ,23.0       ,0.0       ,0.0       ,71.419998 ,71.419998 
1336329300,73.760002 ,70.214005 ,36.0      ,42.5       ,0.6       ,14.0      ,3.0       ,338.0      ,0.0       ,0.0       ,70.214005 ,70.214005 
1336329600,73.778    ,70.285995 ,36.0      ,39.799999  ,2.0       ,4.0       ,4.0       ,338.0      ,0.0       ,0.0       ,70.285995 ,70.285995 
1336329900,73.940002 ,70.897995 ,35.599998 ,41.099998  ,1.4       ,326.0     ,4.0       ,0.0        ,0.0       ,0.0       ,70.897995 ,70.897995 
1336330200,73.940002 ,71.383995 ,35.0      ,40.799999  ,1.4       ,346.0     ,5.0       ,23.0       ,0.0       ,0.0       ,71.383995 ,71.383995 
1336330500,73.940002 ,72.464005 ,35.200001 ,42.200001  ,0.7       ,28.0      ,4.0       ,23.0       ,0.0       ,0.0       ,72.464005 ,72.464005 
1336330800,73.814011 ,70.358002 ,35.5      ,39.799999  ,3.0       ,349.0     ,4.0       ,23.0       ,0.0       ,0.0       ,70.358002 ,70.358002 
1336331100,73.652008 ,68.756004 ,34.0      ,40.099998  ,2.2       ,351.0     ,5.0       ,0.0        ,0.0       ,0.0       ,68.756004 ,68.756004 
1336331400,73.580009 ,69.259995 ,34.5      ,42.200001  ,2.6       ,16.0      ,4.0       ,338.0      ,0.0       ,0.0       ,69.259995 ,69.259995 
1336331700,73.580009 ,69.871994 ,34.400002 ,42.599998  ,1.4       ,10.0      ,3.0       ,338.0      ,0.0       ,0.0       ,69.871994 ,69.871994 
1336332000,73.580009 ,69.944008 ,35.0      ,41.400002  ,3.4       ,349.0     ,5.0       ,0.0        ,0.0       ,0.0       ,69.944008 ,69.944008 
1336332300,73.472008 ,69.061996 ,34.299999 ,40.200001  ,2.0       ,316.0     ,4.0       ,270.0      ,0.0       ,0.0       ,69.061996 ,69.061996 
1336332600,73.436005 ,70.23201  ,34.5      ,43.099998  ,2.0       ,9.0       ,4.0       ,0.0        ,0.0       ,0.0       ,70.23201  ,70.23201  
1336332900,73.580009 ,70.339996 ,34.900002 ,40.700001  ,2.2       ,1.0       ,4.0       ,0.0        ,0.0       ,0.0       ,70.339996 ,70.339996 
1336333200,73.580009 ,69.278    ,34.099998 ,42.0       ,2.4       ,14.0      ,4.0       ,338.0      ,0.0       ,0.0       ,69.278    ,69.278    
1336333500,73.580009 ,70.05201  ,34.400002 ,41.099998  ,1.4       ,352.0     ,5.0       ,315.0      ,0.0       ,0.0       ,70.05201  ,70.05201  
1336333800,73.580009 ,70.285995 ,34.0      ,39.099998  ,2.6       ,334.0     ,4.0       ,338.0      ,0.0       ,0.0       ,70.285995 ,70.285995 
1336334100,73.580009 ,70.735992 ,34.0      ,39.0       ,2.2       ,8.0       ,5.0       ,338.0      ,0.0       ,0.0       ,70.735992 ,70.735992 
1336334400,73.580009 ,71.150002 ,34.299999 ,42.5       ,1.5       ,33.0      ,3.0       ,23.0       ,0.0       ,0.0       ,71.150002 ,71.150002 
1336334700,73.580009 ,69.458    ,34.200001 ,38.799999  ,1.8       ,14.0      ,4.0       ,0.0        ,0.0       ,0.0       ,69.458    ,69.458    
1336335000,73.580009 ,69.637993 ,34.0      ,41.400002  ,2.0       ,4.0       ,4.0       ,0.0        ,0.0       ,0.0       ,69.637993 ,69.637993 
1336335300,73.580009 ,69.584    ,33.900002 ,39.099998  ,2.3       ,331.0     ,5.0       ,293.0      ,0.0       ,0.0       ,69.584    ,69.584    
1336335600,73.580009 ,69.152008 ,33.0      ,37.5       ,2.4       ,350.0     ,4.0       ,293.0      ,0.0       ,0.0       ,69.152008 ,69.152008 
1336335900,73.436005 ,69.188004 ,33.099998 ,39.799999  ,2.6       ,30.0      ,4.0       ,338.0      ,0.0       ,0.0       ,69.188004 ,69.188004 
1336336200,73.400009 ,69.242004 ,33.200001 ,39.099998  ,2.2       ,36.0      ,4.0       ,45.0       ,0.0       ,0.0       ,69.242004 ,69.242004 
1336336500,73.436005 ,69.404007 ,33.0      ,39.599998  ,0.0       ,34.0      ,2.0       ,45.0       ,0.0       ,0.0       ,69.404007 ,69.404007 
1336336800,73.580009 ,69.296005 ,33.0      ,39.0       ,1.0       ,42.0      ,4.0       ,23.0       ,0.0       ,0.0       ,69.296005 ,69.296005 
1336337100,73.580009 ,69.13401  ,32.5      ,36.299999  ,2.8       ,0.0       ,4.0       ,23.0       ,0.0       ,0.0       ,69.13401  ,69.13401  
1336337400,73.562012 ,69.188004 ,32.0      ,35.599998  ,2.4       ,28.0      ,3.0       ,45.0       ,0.0       ,0.0       ,69.188004 ,69.188004 
1336337700,73.400009 ,69.332008 ,32.0      ,33.799999  ,2.6       ,3.0       ,4.0       ,23.0       ,0.0       ,0.0       ,69.332008 ,69.332008 
1336338000,73.400009 ,69.098007 ,31.0      ,31.5       ,2.8       ,324.0     ,4.0       ,315.0      ,0.0       ,0.0       ,69.098007 ,69.098007 
1336338300,73.255997 ,68.900009 ,30.5      ,30.700001  ,2.6       ,316.0     ,4.0       ,293.0      ,0.0       ,0.0       ,68.900009 ,68.900009 
1336338600,73.219994 ,69.188004 ,28.9      ,28.700001  ,2.4       ,300.0     ,5.0       ,248.0      ,0.0       ,0.0       ,69.188004 ,69.188004 
1336338900,73.12999  ,69.601997 ,27.6      ,28.200001  ,3.0       ,334.0     ,4.0       ,0.0        ,0.0       ,0.0       ,69.601997 ,69.601997 
1336339200,73.039993 ,70.322006 ,27.0      ,29.799999  ,1.2       ,357.0     ,2.0       ,23.0       ,0.0       ,0.0       ,70.322006 ,70.322006 
1336339500,73.003998 ,70.375992 ,27.0      ,28.6       ,2.6       ,356.0     ,6.0       ,23.0       ,0.0       ,0.0       ,70.375992 ,70.375992 
1336339800,72.859993 ,69.871994 ,26.1      ,30.0       ,2.6       ,356.0     ,4.0       ,23.0       ,0.0       ,0.0       ,69.871994 ,69.871994 
1336340100,72.859993 ,70.268005 ,27.9      ,31.200001  ,2.4       ,331.0     ,4.0       ,315.0      ,0.0       ,0.0       ,70.268005 ,70.268005 
1336340400,72.859993 ,70.052002 ,27.5      ,30.0       ,2.0       ,300.0     ,4.0       ,270.0      ,0.0       ,0.0       ,70.052002 ,70.052002 
1336340700,72.859993 ,69.907997 ,26.6      ,28.9       ,2.6       ,311.0     ,3.0       ,0.0        ,0.0       ,0.0       ,69.907997 ,69.907997 
1336341000,72.859993 ,69.835991 ,26.0      ,28.1       ,2.5       ,302.0     ,4.0       ,23.0       ,0.0       ,0.0       ,69.835991 ,69.835991 
1336341300,72.859993 ,70.789993 ,26.200001 ,28.6       ,3.2       ,329.0     ,5.0       ,45.0       ,0.0       ,0.0       ,70.789993 ,70.789993 
1336341600,72.895988 ,71.545998 ,27.6      ,29.5       ,1.6       ,297.0     ,6.0       ,293.0      ,0.0       ,0.0       ,71.545998 ,71.545998 
1336341900,73.039993 ,70.358009 ,27.299999 ,28.5       ,2.9       ,344.0     ,5.0       ,315.0      ,0.0       ,0.0       ,70.358009 ,70.358009 
1336342200,73.039993 ,69.871994 ,27.0      ,28.5       ,2.6       ,2.0       ,5.0       ,338.0      ,0.0       ,0.0       ,69.871994 ,69.871994 
1336342500,73.039993 ,69.494003 ,26.6      ,27.200001  ,2.4       ,313.0     ,4.0       ,338.0      ,0.0       ,0.0       ,69.494003 ,69.494003 
1336342800,73.039993 ,69.655991 ,25.0      ,26.1       ,2.2       ,310.0     ,4.0       ,338.0      ,0.0       ,0.0       ,69.655991 ,69.655991 
1336343100,73.039993 ,71.744003 ,24.5      ,24.0       ,2.6       ,351.0     ,5.0       ,338.0      ,0.0       ,0.0       ,71.744003 ,71.744003 
1336343400,73.039993 ,73.400009 ,24.299999 ,23.799999  ,2.2       ,342.0     ,3.0       ,0.0        ,0.0       ,0.0       ,73.400009 ,73.400009 
1336343700,73.003998 ,71.095993 ,23.799999 ,23.0       ,2.2       ,338.0     ,4.0       ,315.0      ,0.0       ,0.0       ,71.095993 ,71.095993 
1336344000,72.859993 ,70.321999 ,23.0      ,23.1       ,2.6       ,342.0     ,4.0       ,270.0      ,0.0       ,0.0       ,70.321999 ,70.321999 
1336344300,73.003998 ,71.509995 ,23.299999 ,23.6       ,2.2       ,0.0       ,3.0       ,23.0       ,0.0       ,0.0       ,71.509995 ,71.509995 
1336344600,73.039993 ,69.602005 ,24.0      ,23.0       ,2.0       ,326.0     ,4.0       ,23.0       ,0.0       ,0.0       ,69.602005 ,69.602005 
1336344900,73.201988 ,68.990005 ,24.0      ,23.0       ,2.2       ,342.0     ,4.0       ,23.0       ,0.0       ,0.0       ,68.990005 ,68.990005 
1336345200,73.219994 ,70.25     ,24.0      ,23.200001  ,1.0       ,346.0     ,3.0       ,338.0      ,0.0       ,0.0       ,70.25     ,70.25     
1336345500,73.219994 ,70.376015 ,24.0      ,23.200001  ,1.4       ,16.0      ,3.0       ,23.0       ,0.0       ,0.0       ,70.376015 ,70.376015 
1336345800,73.219994 ,69.530006 ,24.0      ,23.200001  ,1.6       ,358.0     ,6.0       ,23.0       ,0.0       ,0.0       ,69.530006 ,69.530006 
1336346100,73.12999  ,69.278    ,24.0      ,23.5       ,1.1       ,342.0     ,3.0       ,0.0        ,0.0       ,0.0       ,69.278    ,69.278    
1336346400,73.039993 ,69.494003 ,23.0      ,23.5       ,0.8       ,343.0     ,3.0       ,338.0      ,0.0       ,0.0       ,69.494003 ,69.494003 
1336346700,72.877991 ,68.666    ,23.0      ,23.299999  ,0.4       ,334.0     ,1.0       ,338.0      ,0.0       ,0.0       ,68.666    ,68.666    
1336347000,72.859993 ,66.397995 ,23.1      ,24.200001  ,1.2       ,325.0     ,2.0       ,338.0      ,0.0       ,0.0       ,66.397995 ,66.397995 
1336347300,72.859993 ,65.372002 ,24.0      ,25.0       ,1.4       ,336.0     ,2.0       ,23.0       ,0.0       ,0.0       ,65.372002 ,65.372002 
1336347600,72.859993 ,64.472    ,24.0      ,25.1       ,0.8       ,333.0     ,2.0       ,293.0      ,0.0       ,0.0       ,64.472    ,64.472    
1336347900,72.859993 ,64.022003 ,23.0      ,26.0       ,0.6       ,346.0     ,4.0       ,0.0        ,0.0       ,0.0       ,64.022003 ,64.022003 
1336348200,72.859993 ,63.338005 ,23.0      ,26.0       ,0.4       ,0.0       ,1.0       ,0.0        ,0.0       ,0.0       ,63.338005 ,63.338005 
1336348500,72.733994 ,62.870003 ,23.0      ,26.9       ,0.0       ,          ,0.0       ,           ,0.0       ,0.0       ,62.870003 ,62.870003 
1336348800,72.68     ,62.491997 ,23.0      ,28.6       ,0.0       ,          ,0.0       ,           ,0.0       ,0.0       ,62.491997 ,62.491997 
1336349100,72.535995 ,61.772011 ,23.0      ,31.0       ,0.0       ,          ,0.0       ,           ,0.0       ,0.0       ,61.772011 ,61.772011 
1336349400,72.338005 ,60.799999 ,23.6      ,33.599998  ,0.0       ,          ,0.0       ,           ,0.0       ,0.0       ,60.799999 ,60.799999 
1336349700,72.086014 ,59.864002 ,24.9      ,34.799999  ,0.0       ,          ,0.0       ,           ,0.0       ,0.0       ,59.864002 ,59.864002 
1336350000,71.87001  ,58.675995 ,25.6      ,35.700001  ,0.0       ,          ,0.0       ,           ,0.0       ,0.0       ,58.675995 ,58.675995 
1336350300,71.690002 ,57.325996 ,26.799999 ,38.900002  ,0.0       ,          ,0.0       ,           ,0.0       ,0.0       ,57.325996 ,57.325996 
1336350600,71.816002 ,56.102001 ,27.0      ,42.599998  ,0.0       ,          ,0.0       ,           ,0.0       ,0.0       ,56.102001 ,56.102001 
1336350900,71.960007 ,55.63401  ,27.299999 ,43.700001  ,0.0       ,          ,0.0       ,           ,0.0       ,0.0       ,55.63401  ,55.63401  
1336351200,72.104012 ,55.202003 ,28.0      ,44.5       ,0.0       ,          ,0.0       ,           ,0.0       ,0.0       ,55.202003 ,55.202003 
1336351500,72.266006 ,54.266003 ,28.4      ,46.900002  ,0.0       ,          ,0.0       ,           ,0.0       ,0.0       ,54.266003 ,54.266003 
1336351800,72.428001 ,53.527996 ,29.0      ,48.200001  ,0.0       ,          ,0.0       ,           ,0.0       ,0.0       ,53.527996 ,53.527996 
1336352100,72.517998 ,52.556    ,29.9      ,50.599998  ,0.0       ,          ,0.0       ,           ,0.0       ,0.0       ,52.556    ,52.556    
1336352400,72.68     ,51.746002 ,30.1      ,52.599998  ,0.0       ,          ,0.0       ,           ,0.0       ,0.0       ,51.746002 ,51.746002 
1336352700,72.68     ,51.835999 ,31.0      ,54.900002  ,0.0       ,          ,0.0       ,           ,0.0       ,0.0       ,51.835999 ,51.835999 
1336353000,72.68     ,51.764    ,31.0      ,57.0       ,0.0       ,          ,0.0       ,           ,0.0       ,0.0       ,51.764    ,51.764    
1336353300,72.68     ,51.691998 ,31.0      ,54.5       ,0.0       ,          ,0.0       ,           ,0.0       ,0.0       ,51.691998 ,51.691998 
1336353600,72.841995 ,50.936001 ,31.0      ,55.299999  ,0.0       ,          ,0.0       ,           ,0.0       ,0.0       ,50.936001 ,50.936001 
1336353900,72.859993 ,50.143997 ,31.0      ,55.400002  ,0.0       ,          ,0.0       ,           ,0.0       ,0.0       ,50.143997 ,50.143997 
1336354200,72.859993 ,49.603996 ,31.0      ,57.599998  ,0.0       ,          ,0.0       ,           ,0.0       ,0.0       ,49.603996 ,49.603996 
1336354500,72.859993 ,49.459995 ,31.0      ,55.299999  ,0.0       ,          ,0.0       ,           ,0.0       ,0.0       ,49.459995 ,49.459995 
1336354800,72.859993 ,49.711998 ,31.0      ,53.200001  ,0.0       ,          ,0.0       ,           ,0.0       ,0.0       ,49.711998 ,49.711998 
1336355100,72.913986 ,49.603996 ,31.0      ,53.799999  ,0.0       ,          ,0.0       ,           ,0.0       ,0.0       ,49.603996 ,49.603996 
1336355400,73.039993 ,49.495998 ,31.0      ,57.799999  ,0.0       ,          ,0.0       ,           ,0.0       ,0.0       ,49.495998 ,49.495998 
1336355700,73.039993 ,48.919994 ,31.0      ,61.299999  ,0.0       ,          ,0.0       ,           ,0.0       ,0.0       ,48.919994 ,48.919994 
1336356000,73.039993 ,48.434002 ,31.0      ,61.799999  ,0.0       ,          ,0.0       ,           ,0.0       ,0.0       ,48.434002 ,48.434002 
1336356300,73.039993 ,48.037998 ,31.200001 ,59.900002  ,0.0       ,          ,0.0       ,           ,0.0       ,0.0       ,48.037998 ,48.037998 
1336356600,73.039993 ,47.858002 ,32.0      ,60.099998  ,0.0       ,          ,0.0       ,           ,0.0       ,0.0       ,47.858002 ,47.858002 
1336356900,73.039993 ,47.461994 ,32.0      ,62.400002  ,0.0       ,          ,0.0       ,           ,0.0       ,0.0       ,47.461994 ,47.461994 
1336357200,73.039993 ,47.551998 ,32.0      ,63.400002  ,0.0       ,          ,0.0       ,           ,0.0       ,0.0       ,47.551998 ,47.551998 
1336357500,73.039993 ,47.498001 ,32.0      ,64.5       ,0.0       ,          ,0.0       ,           ,0.0       ,0.0       ,47.498001 ,47.498001 
1336357800,73.039993 ,47.191998 ,32.0      ,63.700001  ,0.0       ,          ,0.0       ,           ,0.0       ,0.0       ,47.191998 ,47.191998 
1336358100,73.039993 ,47.173996 ,32.0      ,62.799999  ,0.0       ,          ,0.0       ,           ,0.0       ,0.0       ,47.173996 ,47.173996 
1336358400,73.039993 ,47.498001 ,32.0      ,63.599998  ,0.0       ,          ,0.0       ,           ,0.0       ,0.0       ,47.498001 ,47.498001 
1336358700,72.877991 ,47.551998 ,32.0      ,64.0       ,0.0       ,          ,0.0       ,           ,0.0       ,0.0       ,47.551998 ,47.551998 
1336359000,72.859993 ,46.633995 ,32.0      ,62.900002  ,0.0       ,          ,0.0       ,           ,0.0       ,0.0       ,46.633995 ,46.633995 
1336359300,72.859993 ,46.003998 ,32.0      ,62.599998  ,0.0       ,          ,0.0       ,           ,0.0       ,0.0       ,46.003998 ,46.003998 
1336359600,72.859993 ,45.859997 ,32.0      ,61.799999  ,0.0       ,          ,0.0       ,           ,0.0       ,0.0       ,45.859997 ,45.859997 
1336359900,72.859993 ,45.733997 ,32.0      ,61.400002  ,0.0       ,          ,0.0       ,           ,0.0       ,0.0       ,45.733997 ,45.733997 
1336360200,72.859993 ,46.004005 ,32.0      ,64.800003  ,0.0       ,          ,0.0       ,           ,0.0       ,0.0       ,46.004005 ,46.004005 
1336360500,72.859993 ,45.967999 ,32.0      ,63.700001  ,0.0       ,          ,0.0       ,           ,0.0       ,0.0       ,45.967999 ,45.967999 
1336360800,72.715996 ,45.806    ,32.0      ,64.099998  ,0.0       ,          ,0.0       ,           ,0.0       ,0.0       ,45.806    ,45.806    
1336361100,72.68     ,45.175999 ,32.0      ,67.099998  ,0.0       ,          ,0.0       ,           ,0.0       ,0.0       ,45.175999 ,45.175999 
1336361400,72.571999 ,44.797997 ,32.0      ,66.5       ,0.0       ,          ,0.0       ,           ,0.0       ,0.0       ,44.797997 ,44.797997 
1336361700,72.5      ,44.36599  ,32.0      ,69.400002  ,0.0       ,262.0     ,1.0       ,225.0      ,0.0       ,0.0       ,44.36599  ,44.36599  
1336362000,72.5      ,44.347992 ,32.0      ,70.0       ,0.0       ,194.0     ,1.0       ,248.0      ,0.0       ,0.0       ,44.347992 ,44.347992 
1336362300,72.32     ,44.347996 ,32.0      ,70.300003  ,0.0       ,          ,0.0       ,           ,0.0       ,0.0       ,44.347996 ,44.347996 
1336362600,72.32     ,44.221992 ,32.0      ,70.5       ,0.0       ,          ,0.0       ,           ,0.0       ,0.0       ,44.221992 ,44.221992 
1336362900,72.32     ,43.970001 ,32.0      ,69.099998  ,0.0       ,          ,0.0       ,           ,0.0       ,0.0       ,43.970001 ,43.970001 
1336363200,72.32     ,43.808006 ,32.0      ,69.5       ,0.0       ,          ,0.0       ,           ,0.0       ,0.0       ,43.808006 ,43.808006 
1336363500,72.32     ,43.880001 ,32.0      ,68.5       ,0.0       ,          ,0.0       ,           ,0.0       ,0.0       ,43.880001 ,43.880001 
1336363800,72.158005 ,43.754002 ,32.0      ,71.300003  ,0.0       ,          ,0.0       ,           ,0.0       ,0.0       ,43.754002 ,43.754002 
1336364100,72.140007 ,43.232002 ,32.0      ,68.699997  ,0.0       ,          ,0.0       ,           ,0.0       ,0.0       ,43.232002 ,43.232002 
1336364400,72.086014 ,42.872002 ,32.0      ,72.0       ,0.0       ,          ,0.0       ,           ,0.0       ,0.0       ,42.872002 ,42.872002 
1336364700,71.960007 ,42.709999 ,32.0      ,70.0       ,0.0       ,          ,0.0       ,           ,0.0       ,0.0       ,42.709999 ,42.709999 
1336365000,71.960007 ,42.476002 ,32.0      ,71.400002  ,0.0       ,          ,0.0       ,           ,0.0       ,0.0       ,42.476002 ,42.476002 
1336365300,71.852005 ,42.763996 ,32.0      ,72.400002  ,0.0       ,182.0     ,1.0       ,180.0      ,0.0       ,0.0       ,42.763996 ,42.763996 
1336365600,71.780006 ,42.314007 ,32.0      ,77.699997  ,0.0       ,          ,0.0       ,           ,0.0       ,0.0       ,42.314007 ,42.314007 
1336365900,71.780006 ,42.386002 ,32.0      ,75.199997  ,0.0       ,          ,0.0       ,           ,0.0       ,0.0       ,42.386002 ,42.386002 
1336366200,71.780006 ,42.188007 ,32.0      ,73.099998  ,0.0       ,180.0     ,1.0       ,135.0      ,0.0       ,0.0       ,42.188007 ,42.188007 
1336366500,71.707993 ,42.008003 ,32.0      ,74.199997  ,0.0       ,          ,0.0       ,           ,0.0       ,0.0       ,42.008003 ,42.008003 
1336366800,71.599991 ,41.809998 ,32.0      ,75.5       ,0.0       ,          ,0.0       ,           ,0.0       ,0.0       ,41.809998 ,41.809998 
1336367100,71.599991 ,41.540001 ,32.0      ,75.099998  ,0.0       ,          ,0.0       ,           ,0.0       ,0.0       ,41.540001 ,41.540001 
1336367400,71.599991 ,41.504005 ,32.0      ,75.0       ,0.0       ,          ,0.0       ,           ,0.0       ,0.0       ,41.504005 ,41.504005 
1336367700,71.491989 ,41.306    ,32.0      ,75.599998  ,0.0       ,          ,0.0       ,           ,0.0       ,0.0       ,41.306    ,41.306    
1336368000,71.419991 ,41.450005 ,32.0      ,74.0       ,0.0       ,          ,0.0       ,           ,0.0       ,0.0       ,41.450005 ,41.450005 
1336368300,71.419991 ,41.431999 ,32.0      ,77.5       ,0.0       ,          ,0.0       ,           ,0.0       ,0.0       ,41.431999 ,41.431999 
1336368600,71.239998 ,41.18     ,32.0      ,79.5       ,0.0       ,          ,0.0       ,           ,0.0       ,0.0       ,41.18     ,41.18     
1336368900,71.239998 ,41.161995 ,32.0      ,76.599998  ,0.0       ,          ,0.0       ,           ,0.0       ,0.0       ,41.161995 ,41.161995 
1336369200,71.113998 ,40.676003 ,32.0      ,77.199997  ,0.0       ,          ,0.0       ,           ,0.0       ,0.0       ,40.676003 ,40.676003 
1336369500,71.059998 ,40.531998 ,32.0      ,74.800003  ,0.0       ,          ,0.0       ,           ,0.0       ,0.0       ,40.531998 ,40.531998 
1336369800,71.059998 ,40.046005 ,32.0      ,75.699997  ,0.0       ,          ,0.0       ,           ,0.0       ,0.0       ,40.046005 ,40.046005 
1336370100,71.059998 ,39.902004 ,32.0      ,76.0       ,0.0       ,          ,0.0       ,           ,0.0       ,0.0       ,39.902004 ,39.902004 
1336370400,71.059998 ,40.064003 ,32.0      ,75.900002  ,0.0       ,          ,0.0       ,           ,0.0       ,0.0       ,40.064003 ,40.064003 
1336370700,70.898003 ,39.920006 ,32.0      ,75.900002  ,0.0       ,          ,0.0       ,           ,0.0       ,0.0       ,39.920006 ,39.920006 
1336371000,70.880005 ,39.848    ,32.0      ,75.300003  ,0.0       ,          ,0.0       ,           ,0.0       ,0.0       ,39.848    ,39.848    
1336371300,70.880005 ,39.614002 ,32.0      ,75.800003  ,0.0       ,          ,0.0       ,           ,0.0       ,0.0       ,39.614002 ,39.614002 
1336371600,70.700005 ,39.380001 ,32.0      ,75.0       ,0.0       ,          ,0.0       ,           ,0.0       ,0.0       ,39.380001 ,39.380001 
1336371900,70.700005 ,39.344002 ,32.0      ,75.199997  ,0.0       ,          ,0.0       ,           ,0.0       ,0.0       ,39.344002 ,39.344002 
1336372200,70.591995 ,39.380001 ,32.0      ,76.599998  ,0.0       ,          ,0.0       ,           ,0.0       ,0.0       ,39.380001 ,39.380001 
1336372500,70.520004 ,39.470001 ,32.0      ,79.599998  ,0.0       ,          ,0.0       ,           ,0.0       ,0.0       ,39.470001 ,39.470001 
1336372800,70.501999 ,39.434002 ,32.0      ,78.5       ,0.0       ,          ,0.0       ,           ,0.0       ,0.0       ,39.434002 ,39.434002 
1336373100,70.339989 ,39.379997 ,32.0      ,80.099998  ,0.0       ,          ,0.0       ,           ,0.0       ,0.0       ,39.379997 ,39.379997 
1336373400,70.339989 ,39.848    ,32.0      ,82.599998  ,0.0       ,          ,0.0       ,           ,0.0       ,0.0       ,39.848    ,39.848    
1336373700,70.339989 ,39.613995 ,32.0      ,78.599998  ,0.0       ,          ,0.0       ,           ,0.0       ,0.0       ,39.613995 ,39.613995 
1336374000,70.339989 ,39.560001 ,32.0      ,82.5       ,0.0       ,          ,0.0       ,           ,0.0       ,0.0       ,39.560001 ,39.560001 
1336374300,70.339989 ,39.703999 ,32.0      ,80.599998  ,0.0       ,          ,0.0       ,           ,0.0       ,0.0       ,39.703999 ,39.703999 
1336374600,70.339989 ,39.829994 ,32.0      ,82.300003  ,0.0       ,          ,0.0       ,           ,0.0       ,0.0       ,39.829994 ,39.829994 
1336374900,70.214005 ,39.739998 ,32.0      ,82.800003  ,0.0       ,          ,0.0       ,           ,0.0       ,0.0       ,39.739998 ,39.739998 
1336375200,70.160011 ,39.487999 ,32.0      ,84.400002  ,0.0       ,          ,0.0       ,           ,0.0       ,0.0       ,39.487999 ,39.487999 
1336375500,70.124001 ,39.452003 ,32.0      ,84.0       ,0.0       ,          ,0.0       ,           ,0.0       ,0.0       ,39.452003 ,39.452003 
1336375800,69.979996 ,39.145996 ,32.0      ,78.5       ,0.0       ,          ,0.0       ,           ,0.0       ,0.0       ,39.145996 ,39.145996 
1336376100,69.961998 ,38.696003 ,32.099998 ,78.300003  ,0.0       ,          ,0.0       ,           ,0.0       ,0.0       ,38.696003 ,38.696003 
1336376400,69.799995 ,38.93     ,33.0      ,78.5       ,0.0       ,          ,0.0       ,           ,0.0       ,0.0       ,38.93     ,38.93     
1336376700,69.799995 ,39.326004 ,32.599998 ,80.0       ,0.0       ,          ,0.0       ,           ,0.0       ,0.0       ,39.326004 ,39.326004 
1336377000,69.799995 ,39.686005 ,33.0      ,81.099998  ,0.0       ,          ,0.0       ,           ,0.0       ,0.0       ,39.686005 ,39.686005 
1336377300,69.799995 ,39.793999 ,33.0      ,81.5       ,0.0       ,          ,0.0       ,           ,0.0       ,0.0       ,39.793999 ,39.793999 
1336377600,69.763992 ,39.416004 ,33.0      ,78.0       ,0.0       ,          ,0.0       ,           ,0.0       ,0.0       ,39.416004 ,39.416004 
1336377900,69.619995 ,39.308006 ,33.0      ,80.400002  ,0.0       ,          ,0.0       ,           ,0.0       ,0.0       ,39.308006 ,39.308006 
1336378200,69.619995 ,39.290001 ,32.200001 ,80.599998  ,0.0       ,          ,0.0       ,           ,0.0       ,0.0       ,39.290001 ,39.290001 
1336378500,69.619995 ,39.506001 ,32.0      ,79.5       ,0.0       ,          ,0.0       ,           ,0.0       ,0.0       ,39.506001 ,39.506001 
1336378800,69.619995 ,39.542    ,32.0      ,82.699997  ,0.0       ,          ,0.0       ,           ,0.0       ,0.0       ,39.542    ,39.542    
1336379100,69.475998 ,39.434002 ,32.0      ,83.199997  ,0.0       ,          ,0.0       ,           ,0.0       ,0.0       ,39.434002 ,39.434002 
1336379400,69.440002 ,39.739998 ,32.0      ,82.900002  ,0.0       ,          ,0.0       ,           ,0.0       ,0.0       ,39.739998 ,39.739998 
1336379700,69.404007 ,39.848    ,32.0      ,81.599998  ,0.0       ,          ,0.0       ,           ,0.0       ,0.0       ,39.848    ,39.848    
1336380000,69.260002 ,39.578003 ,32.0      ,79.199997  ,0.0       ,          ,0.0       ,           ,0.0       ,0.0       ,39.578003 ,39.578003 
1336380300,69.260002 ,39.145996 ,32.099998 ,78.0       ,0.0       ,          ,0.0       ,           ,0.0       ,0.0       ,39.145996 ,39.145996 
1336380600,69.260002 ,39.164001 ,33.0      ,80.900002  ,0.0       ,          ,0.0       ,           ,0.0       ,0.0       ,39.164001 ,39.164001 
1336380900,69.260002 ,39.344002 ,33.0      ,86.199997  ,0.0       ,          ,0.0       ,           ,0.0       ,0.0       ,39.344002 ,39.344002 
1336381200,69.260002 ,39.109997 ,33.0      ,85.0       ,0.0       ,          ,0.0       ,           ,0.0       ,0.0       ,39.109997 ,39.109997 
1336381500,69.260002 ,39.182003 ,33.0      ,84.900002  ,0.0       ,          ,0.0       ,           ,0.0       ,0.0       ,39.182003 ,39.182003 
1336381800,69.242004 ,39.163998 ,32.099998 ,84.099998  ,0.0       ,          ,0.0       ,           ,0.0       ,0.0       ,39.163998 ,39.163998 
1336382100,69.080009 ,38.911999 ,32.0      ,81.199997  ,0.0       ,          ,0.0       ,           ,0.0       ,0.0       ,38.911999 ,38.911999 
